,time,Aphanizomenon_flos-aquae,Planktothrix_rubescens,Phacotus_lenticularis,Pandorina_morum,Elakatothrix_gelatinosa,Closterium_aciculare,Cosmarium_sp,Staurastrum_sp,Stephanodiscus_sp,Centrales,Asterionella_formosa,Cymbella_sp,Fragilaria_crotonensis,Nitzschia_sp,Ulnaria_delicatissima_var_angustissima,Tabellaria_fenestrata,Dinobryon_sp,Erkenia_subaequiciliata,Rhodomonas_sp,Gymnodinium_sp,Gymnodinium_helveticum,Ceratium_hirundinella,Bosmina_longirostris_adult,Bosmina_longirostris_juvenile,Diplostraca_eggs,Diaptomus_sp_eggs,Diaptomus_sp_C1-C3,Diaptomus_sp_C4-C5,Eudiaptomus_gracilis_male,Eudiaptomus_gracilis_ovaria,Eudiaptomus_gracilis_female,Cyclops_abyssorum_male,Cyclops_sp_SU_C1-C3,Cyclops_sp_SU_C4-C5,Cyclopoida_nauplia,Cyclops_abyssorum_female,Cyclops_sp_eggs
0,1,0.026470999902111,0.09877118396338622,0.05554603201694982,0.0,0.0,0.2955987834393446,0.18257418584523172,0.18196863130416527,0.0,0.04390358820783101,0.12836312370323089,0.649519052818719,0.04282799726870642,0.29819041864187557,0.04378426487365932,0.03804429550659845,0.0,0.0,0.226250017518814,0.11645489089633247,0.49828263875847817,0.09245003270255589,0.6287935953747659,0.38115410316982834,0.5063499223881041,0.0,0.310195867975614,0.7266342892139791,0.6924247647178143,0.0,0.38256157270581337,0.5462011434335377,0.5193458640642903,0.7002454561468693,0.5193601955029374,0.16543863954070784,0.4777665429529546
1,2,0.024028466567369067,0.08981018463130752,0.0282826551397845,0.0,0.0,0.197065855624096,0.0,0.08137884587374196,0.051647429983503905,0.05495260919618409,0.29244045582938544,0.2795084971844357,0.03761626109511406,0.12435400085088318,0.05682196536651775,0.064888568445772,0.0,0.05466621503662269,0.3386741183250647,0.2651545278232752,0.06524621095867675,0.0,0.21450220661104563,0.09483368536351641,0.18947938944484238,0.0987886098849509,0.155097933987807,0.2339655678019207,0.14066595251825903,0.0,0.0,0.19128078635290668,0.17754385664520939,0.31100912780454115,0.2612668307082343,0.06711121177153327,0.11887150534341145
2,3,0.023531843065475497,0.0873236649857823,0.021379677692014144,0.0819231920553037,0.05722103074147581,0.2413553960098466,0.0,0.16275769174748392,0.13555742345875715,0.4189669222173474,0.40091317046734193,0.4841229182145383,0.07018716018222905,0.16450488038516148,0.04141576832682454,0.025649458798892244,0.0,0.3043686039459391,0.5530795612008949,0.37498512940334316,0.2491921817381404,0.06537204504489534,0.18868444412341934,0.0670575420054539,0.15987800226971846,0.0,0.36796380715171156,0.4211709273075653,0.4246943569246629,0.0,0.27051188228167106,0.47153422251160587,0.19012350097663824,0.4774797448167942,0.42848755597880894,0.08219411243006022,0.41441420153607506
3,4,0.039615515153615846,0.21775088104248508,0.03023543015318367,0.11585688926631306,0.05418054280471363,0.09853292782164962,0.0,0.18196863130416527,0.08607904997250651,0.24666888937024967,0.11411493108392697,0.25000000001358613,0.09438830883918928,0.5152319064906535,0.024604632753605013,0.016222142111443,0.0300254168856645,0.10063468008791164,0.561748793051806,0.19079457430748342,0.288010709203407,0.13074409009831697,0.41868533623327076,0.3016156196438511,0.43851189599237694,0.22174602737167695,0.4830497702459608,0.5940239032442658,0.31634807333183024,0.5984768402328772,0.304759071868122,0.5265235339861877,0.6386682374421843,1.0,0.4493873821871685,0.16880735214865836,0.37806716679539326
4,5,0.12487659245437255,0.038316523797794814,0.0,0.30652851669336606,0.04381079543571619,0.0,0.34156502554286555,0.24413653759292184,0.07699144287085037,0.01963428153777366,0.5675390413493184,0.17677669528703,0.5414215843051816,0.0,0.0,0.07344887228893014,0.30670952890558956,0.0,0.6037811620240013,0.07789155879579057,0.15751828736876292,0.0,0.9222769765930049,0.21286859907094202,1.0,0.0,0.34713966121724543,0.9776856811687464,1.0,0.0,0.0,0.6072049735556931,0.6338982654101301,0.38803715211806106,0.7628678423046494,0.0,1.0
5,6,0.11555487365094194,0.018318802181631035,1.0,0.16384638409477778,0.2849188106957433,0.0,0.31622776601683794,0.2699030976609657,0.045548751863990704,0.02658494287905295,0.25202486037740596,0.0,0.45136610730824334,0.0,0.0,0.05848976517780251,0.09549491494978607,0.048211070038021435,0.3785631539110711,0.07789155879579057,0.19470331085019985,0.0,1.0,1.0,0.45285005325351047,0.0,0.17356983060862272,0.3373580606563777,0.0,0.8431620068515344,0.0,0.0,0.6434767288639498,0.3592363240229821,0.7832573291530001,0.0,0.37806716679539326
6,7,0.049694637557898554,0.04168713592402699,0.3327614795581094,0.5850486127716525,0.06463347998600978,0.2413553960098466,0.7416198486795035,0.592446940542019,0.06441566263042156,0.300239773966828,0.047248070258078846,0.3307189138959115,0.024009885374551343,0.5595930037714064,0.017398102666742372,0.016222142111443,0.09675741433811805,0.10307960361430656,0.4389282147528863,0.09996430483510871,0.288010709203407,1.0,0.30323656487257156,0.21335552749765227,0.23754845462070032,0.0,0.10956630270427012,0.31653559097945166,0.3164683349112863,0.0,0.0,0.0,0.5556561997103993,0.4864110860998658,0.4233459615764194,0.06762548145135333,0.2386556551584949
7,8,0.13603168358185108,0.2899145264223481,0.13689673242607694,0.30652851669336606,0.07951529805532156,0.4725473212993309,1.0,0.5519381863741296,0.1985424063764301,0.14405908435754194,0.17221720222829182,0.25000000001358613,0.2619169274716064,1.0,0.09892979953506764,0.0,0.05617241142953669,0.21866486015969436,0.714694091332649,0.1451081951363027,0.2971978406825816,0.2923526730971286,0.20660879420258824,0.19732860374036895,0.4528808290295213,0.0,0.16059257136315433,0.45614796127143564,0.4139342894997944,0.9030966492677147,0.0,0.4598789429026934,0.789625328815373,0.501901924031479,0.5324807059595673,0.08052116175176958,0.4041708020310765
8,9,0.5921378477364494,0.24084050071167898,0.09738906677585535,1.0,0.0,0.4062616689541329,0.3651483716599344,0.38170062119338954,0.024346831981462022,0.037596786771994135,0.11411493108392697,0.0,0.2346344473260171,0.05076730825235768,0.010044799258591437,0.08885233163603279,0.03677347533647539,0.05153980180995418,0.37506148445746124,0.056674433702436626,0.22832114183507882,0.19611613514037024,0.20660879420258824,0.16122033017067045,0.5546885994990529,0.0,0.16059257136315433,0.36065093703300866,0.2391366656461306,0.6373705671208529,0.0,0.0,0.35731276485801616,0.2826111588439311,0.37986127112857376,0.08052116175176958,0.6388071181068233
9,10,0.0383703840767608,0.646945373133203,0.03023543015318367,0.16384638409477778,0.04381079543571619,0.2955987834393446,0.18257418584523172,0.2573425063168199,0.045548751863990704,0.08744054777902353,0.12753228568870384,0.0,0.1508129408979894,0.0,0.02246085395880017,0.12407552876034643,0.04523018642411202,0.06043577466391052,0.2925154580457792,0.1281282369821356,0.19470331085019985,0.11322770343213064,0.18151707577716683,0.1653063359680221,0.2067164901914532,0.0,0.07767196305373623,0.2754517030743408,0.0,0.0,0.0,0.22298568305614896,0.16463992516585535,0.11978340153891731,0.24127370169886153,0.038746676181936716,0.1950473744013735
10,11,0.056421563427218095,0.48532788683578376,0.07999542897956638,0.14189513094886977,0.028112903231493687,0.3413280743447064,0.28867513460124894,0.21530818814732916,0.034431619989002606,0.07390075098403413,0.18035788803834285,0.3061862178534438,0.19153262646600577,0.10153461651023321,0.028410982683258874,0.16222142111443,0.02761936645935017,0.05904626077336745,0.1693671851519834,0.16791112840744957,0.13006944328412365,0.06537204504489534,0.14684100692791957,0.19944579041366672,0.1601828223791985,0.0,0.23764015393178847,0.25007023808886686,0.31634807333183024,0.0,0.0,0.21549720634606745,0.29495970962568885,0.25393788948972207,0.4187873392408164,0.11918327985572572,0.13392080722836036
11,12,0.03178667345847778,0.4441871096913258,0.059518503773197486,0.11585688926631306,0.03360134623206104,0.2955987834393446,0.18257418584523172,0.21530818814732916,0.10612538021129915,0.0833012017234557,0.10690023504508618,0.25000000001358613,0.15288369605338376,0.09497693697338017,0.03890334024235631,0.13954814296841744,0.0,0.05312601169408272,0.18023046033682175,0.13224034529297454,0.09970799874659325,0.0,0.19176539784240823,0.1478544817343664,0.18678277457530384,0.0,0.36402021795266765,0.4267279434765569,0.15507645288852548,0.3359750664571541,0.0,0.0,0.28848578349778603,0.3239486330540854,0.4125546716712909,0.0,0.0
12,13,0.02696215495732437,0.3892437572010035,0.07558857537802978,0.0,0.04983885061890565,0.27869320567709743,0.18257418584523172,0.18196863130416527,0.11802564699367353,0.09450325973367348,0.12939416937460255,0.4841229182145383,0.1250736753142741,0.13903199955809817,0.04141576832682454,0.09032106474986129,0.0,0.056164196913319815,0.20592865651623599,0.11645489089633247,0.0,0.0,0.15780007311281896,0.17380648332829907,0.1460593486680443,0.12851284513650238,0.23481148473778657,0.325954282094707,0.0,0.0,0.0,0.0,0.3327605114192754,0.3926493169335453,0.32398742673517317,0.0,0.0
13,14,0.01484753503686849,0.32901980626641986,0.03703068801040547,0.11585688926631306,0.0,0.3413280743447064,0.0,0.21530818814732916,0.12997651513232283,0.13813941532761315,0.17066706087899494,0.467707173364898,0.12124397794941334,0.14801086614974418,0.050223996291280236,0.13572417848163107,0.0,0.1399663884061475,0.4183213911729641,0.2313724066867427,0.23889404266747608,0.0,0.1907592285448269,0.12289974297562689,0.17906714006317992,0.09087230426559746,0.296346400142458,0.3079174883955434,0.20396874045475483,0.4886542938145731,0.0,0.4299046652777056,0.1481830636132531,0.37625947797056775,0.2775627232864979,0.06173333608842236,0.0
14,15,0.03276244989229658,0.25650411746358,0.03854276208727207,0.1831858263694298,0.0,0.2955987834393446,0.12909944485918906,0.18196863130416527,0.1470919450780014,0.33551075001624603,0.2655797095178571,0.5303300858738992,0.11806864045404286,0.17948953964695288,0.06886367424457668,0.24628823503653705,0.0,0.12018281695047878,0.5061767739295827,0.4681123726886641,0.43186117605059315,0.0,0.15780007311281896,0.06168396708405325,0.22638911749535398,0.09087230426559746,0.3005682537576433,0.4085043642374245,0.20396874045475483,0.0,0.24883474018702872,0.6569282840455405,0.16566366769020527,0.3081897234159561,0.15028315216935423,0.043652060573391674,0.10934588121703732
15,16,0.0932590458590967,0.22858559068946593,0.04275935538681677,0.0,0.08092275772271025,0.09853292782164962,0.34156502554286555,0.2699030976609657,0.18858974962702132,0.12209092422931973,0.18927331057582286,0.3061862178534438,0.14595669443956186,0.3443206369778507,0.02246085395880017,0.14327007985145418,0.06816395344505057,0.34041639180584415,0.891824165737711,0.11948019705253775,0.4790842918601108,0.06537204504489534,0.36619294206572905,0.08723430283124368,0.4978653620198808,0.1810548731832802,0.2239924709380007,0.44412652351592713,0.408248290463863,0.0,0.0,0.350569954935659,0.6954850986978871,0.8381584260689612,0.20720828596973562,0.08697279501358897,0.43655436104215883
16,17,0.06011483866333806,0.04190220426089448,0.035454184524934255,0.11585688926631306,0.09853849009327154,0.09853292782164962,0.0,0.0,0.07699144287085037,0.028900879888369375,0.37579864284270004,0.25000000001358613,0.044918382486601696,0.0,0.0,0.05256574829370402,0.06396514307612364,0.0,0.7745573452085974,0.0422426287773659,0.288010709203407,0.0,0.4463586702580997,0.30142442113357887,0.27738617382792224,0.1810548731832802,0.4698668239114657,0.5226107630128738,0.3161475357057619,0.0,0.0,0.350569954935659,0.3326699827761183,0.20733941853636076,0.492711742297562,0.0,0.37782750454196135
17,18,0.044306303151254355,0.07396707552930547,0.46411631499856526,0.2837902618886003,0.06463347998600978,0.0,0.34156502554286555,0.37292472120309655,0.0,0.01963428153777366,0.05922859054534505,0.25000000001358613,0.1444226402163289,0.0,0.0,0.0,0.03533081228866284,0.09111035839613162,0.29789892199761236,0.0,0.15751828736876292,0.0,0.2859009742471519,0.20107707979496361,0.3290455936756733,0.29622507176082036,0.11571322040201985,0.2661405568445642,0.4215969094150549,0.0,0.0,0.0,0.31225800528099407,0.2764964080745748,0.4130934113256383,0.0,0.47140452074760825
18,19,0.05545982841430759,0.0938878503756851,0.8728435071130105,0.14189513094886977,0.11194847118821624,0.197065855624096,0.5163977794799307,0.36393726260833054,0.0,0.022671715465095013,0.0978127980777954,0.0,0.22271735141637067,0.21237488736719115,0.0,0.016222142111443,0.5979043383407866,0.1180925215467349,0.0,0.07068543782550454,0.23889404266747608,0.22645540683964802,0.18570549006770806,0.10643429953547101,0.4236312248101482,0.0,0.0,0.15092850945726183,0.157873039177812,0.0,0.0,0.0,0.4677162998705446,0.3023367801667062,0.3549578347035288,0.0,0.3272082171818189
19,20,0.15619343401357763,0.3940824050945651,0.7185289509121587,0.38425383109098876,0.09140554395810438,0.7632327769630303,0.9660917831100663,0.9966832412363202,0.09109750373816561,0.05944573944767972,0.18983412158439608,0.0,0.3196767488744509,0.654091011625455,0.04141576832682454,0.0,0.06175878090194092,0.434855147070057,0.37359410392667164,0.07316637928448794,0.23889404266747608,0.21681454518698828,0.219699839768084,0.13488660571987438,0.23746630056165657,0.0,0.13436138501498213,0.16522909084764786,0.200076089026911,0.0,0.0,0.0,0.4438345165370235,0.2782338500010661,0.30194753623713605,0.0,0.2926639265660247
20,21,0.239162537406638,0.552375570399756,0.29275329360265334,0.1831858263694298,0.07951529805532156,0.4406526492625775,0.48304589155503314,0.40689422936870984,0.034431619989002606,0.06706383875214675,0.20659376140152064,0.17677669528703,0.3636959118748735,0.12943174770918306,0.030134397771861433,0.0,0.05428899909850866,0.24582918689505973,0.23631790125076604,0.08860888566648875,0.4457308257287042,0.19611613514037024,0.1071831152775776,0.08690324166414953,0.1307887267959688,0.09087230426559746,0.10021058842508607,0.1847317394979145,0.22355006635296037,0.0,0.17595273218104074,0.0,0.405540124874022,0.33331969421086877,0.1487133767913973,0.0,0.15405156298451184
21,22,0.33091228344269263,0.7385214688760334,0.05126666611797646,0.0,0.02375973977768741,0.4406526492625775,0.28867513460124894,0.2699030976609657,0.0,0.016031323746500604,0.13263966826469098,0.0,0.08348713632644959,0.0,0.014205491341629437,0.0,0.014423743715630164,0.025769900907778004,0.1532296262743524,0.049982152429195466,0.34883216317688776,0.0,0.11877344607832327,0.11130834424633965,0.14479896607744813,0.06711364452467983,0.19923997048901387,0.16400458789129946,0.06757373783994859,0.0,0.0,0.0,0.15905138505385105,0.1432922148111597,0.12079570019671414,0.0,0.11420804814403217
22,23,0.19655467240410118,0.7930517401275056,0.035454184524934255,0.14189513094886977,0.015026978862078983,0.492664639108248,0.34156502554286555,0.2699030976609657,0.034431619989002606,0.0,0.12753228568870384,0.17677669528703,0.05745978794165218,0.07179581586346322,0.02246085395880017,0.025649458798892244,0.008327552317770937,0.0,0.08915598416477258,0.06811419223308011,0.13006944328412365,0.09245003270255589,0.08107421348018942,0.0,0.0,0.0,0.16580666582253006,0.1908592846030017,0.16877337804968529,0.0,0.0,0.14459468321819194,0.2613191894412813,0.17177503759653504,0.18657082811928483,0.0,0.08985841174391951
23,24,0.056421563427218095,0.7035597235743272,0.06502375119108557,0.0,0.0,0.39413171130580155,0.28867513460124894,0.23017413506484177,0.062072485673855635,0.048093971245309924,0.08748642622381009,0.25000000001358613,0.07018716018222905,0.13431767238040887,0.02246085395880017,0.034412360079557704,0.013167016328398106,0.018222071679226324,0.11218750724828454,0.1308839982052308,0.024368163864528843,0.0,0.11681569341544638,0.10643429953547101,0.07993900113485923,0.07869772399443642,0.3067610031252464,0.2558905846489047,0.22369186786823636,0.0,0.4301773609380341,0.4563683652873975,0.20498459124955495,0.3592363240229821,0.306870710107164,0.0753206499199046,0.0
24,25,0.03575025932018715,0.501863183976271,0.0414015678242265,0.0819231920553037,0.0,0.22032632461411292,0.28867513460124894,0.24413653759292184,0.07504197599310763,0.06561102012515116,0.05832428414524472,0.25000000001358613,0.03395510552771393,0.05076730825235768,0.0317644442963196,0.02294157338328355,0.0,0.018222071679226324,0.1091975464759707,0.15230796407329575,0.15751828736876292,0.0,0.05646177918562857,0.03506950925512695,0.08010832774547635,0.09041218837767875,0.1082104054583305,0.15096038790074637,0.1056496416382239,0.0,0.22646460893287879,0.24883474018702872,0.10605255032428111,0.2609312292213769,0.15942797708945672,0.06173333608842236,0.0
25,26,0.03048009714311866,0.4899698679305975,0.03703068801040547,0.11585688926631306,0.03360134623206104,0.17066403720561407,0.28867513460124894,0.18196863130416527,0.10612538021129915,0.0920929435596059,0.08564440042813787,0.5303300858738992,0.029848204042324186,0.14801086614974418,0.03479620533251655,0.0,0.008327552317770937,0.018222071679226324,0.47253759834395914,0.3524159504660261,0.14410626923392708,0.0,0.11500448769653687,0.04778019544890894,0.12664526990868588,0.04901287603006696,0.10265740433737482,0.0828239615910379,0.11171828017298574,0.18636543529056776,0.1660782309710851,0.23606536199017317,0.1432007945946701,0.13719185080749843,0.12084600513600509,0.023544170587854223,0.0
26,27,0.056746227799517025,0.3609464854115214,0.047806412656379436,0.245769576155358,0.07437975056935756,0.13934660286570613,0.34156502554286555,0.1993366482819293,0.2593823313806841,0.535671756041962,0.1508277716294173,0.6249999999932069,0.07074494771119107,0.16837611308605638,0.05315208161116105,0.0,0.008327552317770937,0.08350402279311472,0.27887048009288534,0.40385367067758315,0.25923592791590505,0.0,0.20645478090807298,0.08126232784861881,0.2243690339922917,0.10384065023762863,0.17197257444480438,0.18647112826711598,0.17046319335796584,0.0,0.3845627802777676,0.5438538994819613,0.22300052157845981,0.13114808979158338,0.27571661487572874,0.0813273664585843,0.10234406822171938
27,28,0.07634647588466288,0.2628957827068991,0.0414015678242265,0.2006700186484476,0.0,0.13934660286570613,0.3651483716599344,0.14095229571463794,0.5133083645915859,0.27441206046480576,0.1375575490540209,0.5303300858738992,0.07813699529963576,0.1721603184726541,0.050223996291280236,0.04588314676949281,0.01177693742916316,0.20696294987218433,0.6497979366767775,0.19172756068663388,0.41042197451787377,0.06537204504489534,0.3635758890592194,0.36924608686116805,0.5021255632815491,0.2565384373414069,0.15838659513499095,0.17427723112707816,0.18264364529575167,0.6897514591957901,0.5551453825830466,0.35123834439841717,0.4128834882653175,0.4104473096499829,0.311280910879371,0.06149905313285631,0.15405156298451184
28,29,0.13095965181229535,0.12549191303388724,0.16800400494157547,0.866993571123732,0.19126221578078337,0.0,0.4654746681575633,0.2573425063168199,0.1430052581284381,0.05495260919618409,0.39091141698746845,0.0,0.0331744240330208,0.08027016238014605,0.0,0.0,0.2029600645350865,0.04463477767181841,0.3843379124380676,0.08448525756024138,0.288010709203407,0.0,0.24760732009693048,0.37607858903229363,0.16878330746270134,0.20946275695905095,0.3372459094516382,0.2661405568445642,0.3333333333333333,0.0,0.5735698146764553,0.0,0.2364269470718252,0.15458089688731827,0.3345637788298925,0.07101298975772945,0.2520447778554739
29,30,0.23864623615997166,0.14512252737650516,0.7199588607043091,0.9518614753860372,0.04115307646956986,0.0,0.40824829041835314,1.0,0.051647429983503905,0.035847129663884494,0.918289182546555,0.17677669528703,0.1885682932026732,0.07179581586346322,0.020089598515505926,0.016222142111443,0.12407773503236393,0.1844844149727518,0.38833596121960023,0.053433168523620296,0.288010709203407,0.06537204504489534,0.35680241240178306,0.44253047629464554,0.4259499922321822,0.2756712443350814,0.23568546040405636,0.3131667444857043,0.7338791595104651,0.4677021307006314,0.9540241090367393,0.33681671796938345,0.6586986486701323,0.17251682424575418,0.6542929612301663,0.05908637903992208,0.0
30,31,0.07939647426928217,0.45142999563288905,0.6086640666667702,0.5245643766868474,0.07588252362242957,0.39413171130580155,0.3651483716599344,0.4950081944676303,0.0,0.08780717641566202,0.05967560511142487,0.17677669528703,0.3001017392375129,0.07179581586346322,0.047114284744614814,0.034412360079557704,0.21914282640044305,0.3305184440527422,0.237177235387957,0.13358292128945007,0.3062029946383569,0.48481206160628976,0.16207134188314962,0.13953239381988516,0.3026480114128975,0.11852823733922535,0.13120645911116854,0.11409122908551693,0.3162621441859199,0.0,0.4598789429026934,0.325183519075845,0.32755007868621216,0.228545123585591,0.35921243914558293,0.08067468175238135,0.20208540106112047
31,32,0.21917932360894207,0.28464756024164833,0.3571110226091353,0.14189513094886977,0.08092275772271025,0.35526552353994184,0.40824829041835314,0.4950081944676303,0.0,0.035847129663884494,0.0103103742079991,0.0,0.05813980909825286,0.05076730825235768,0.014205491341629437,0.0,0.0300254168856645,0.23049300077532245,0.3616711497087491,0.11948019705253775,0.41765717398896546,0.22645540683964802,0.1964393633561821,0.12731039218950485,0.3369467332368676,0.0,0.12269906662705303,0.23512617076267361,0.38734043916251476,0.3198993271474479,0.22950190785835503,0.22950190785835503,0.4952983404173677,0.29590771330841875,0.27424614093041155,0.06982203455857129,0.31177711419992915
32,33,0.42386428014008426,0.372776693412863,0.13394329681998923,0.2006700186484476,0.04751947955537482,0.6073977599923869,0.4472135955498116,0.6197628257691891,0.034431619989002606,0.04390358820783101,0.12877653258177071,0.0,0.28098187878524145,0.08793155726296574,0.03890334024235631,0.0,0.047838145984791136,0.2347749705270086,0.5064018281847504,0.07316637928448794,0.5700275173582968,0.2695358466951467,0.1451433659788155,0.12313406109680095,0.0716813182224896,0.09941985343166035,0.10967080087080185,0.16974541489280803,0.15276912940790993,0.0,0.0,0.15767468859651718,0.2363856207067835,0.12270812174583036,0.11488996931232315,0.039117466220552816,0.09798698523458267
33,34,0.5444594289047582,0.2689964998608149,0.03023543015318367,0.16384638409477778,0.02375973977768741,0.3413280743447064,0.31622776601683794,0.3044917598246652,0.06667654540017474,0.01792356482934478,0.09135014822296882,0.0,0.13110844484275244,0.0,0.024604632753605013,0.0,0.0,0.0631231079369934,0.11801659937290088,0.10686633703635134,0.48554742790225225,0.0,0.16951439307964872,0.15560551102236928,0.1490348352359982,0.16209485126949488,0.07742577554679127,0.1907295806923717,0.16320608219782207,0.2168709728549146,0.15767468859651718,0.3138583552364545,0.12432350067989613,0.13119535206595456,0.10120343028584664,0.08271931977035392,0.11963107540642838
34,35,1.0,0.4656743852632081,0.04535314522813237,0.2006700186484476,0.028112903231493687,0.13934660286570613,0.25819888973996535,0.3255153835161958,0.12650984998326067,0.037596786771994135,0.14671919710429004,0.0,0.0895446121002558,0.08027016238014605,0.02246085395880017,0.0,0.0,0.05762325019320431,0.19665605873055034,0.09060034523154509,0.27863010080923106,0.09245003270255589,0.21440807853524485,0.18698292990328,0.17753788277678265,0.0,0.16665478731761485,0.23668355520262202,0.24816384600632851,0.0,0.37743393331831615,0.1690499169652189,0.15829529993074268,0.16267622079571356,0.2565543847370479,0.1024707321340843,0.0
35,36,0.28279074728020825,0.23733784033985766,0.03703068801040547,0.2167483927510178,0.05418054280471363,0.17066403720561407,0.0,0.36393726260833054,0.1730167491633754,0.05316988575460348,0.2345468501924811,0.0,0.09873024534528776,0.07179581586346322,0.0317644442963196,0.04135850959129017,0.008327552317770937,0.03156155396392282,0.19011343657659704,0.0377829557971756,0.3649107694106044,0.13074409009831697,0.23754689217745095,0.2727639567049237,0.1671994440600154,0.13371788573810728,0.41189566715678666,0.4899610245597681,0.26978254341115127,0.0,0.8200040743174145,0.5798304414133232,0.2950011218924321,0.24218172167800608,0.48433043600004305,0.12871226532787655,0.0
36,37,0.034288913400732556,0.09615813298960756,0.05855065872053066,0.0,0.05418054280471363,0.0,0.0,0.2699030976609657,0.12294547491763907,0.0785371261582081,0.1250066438056285,0.3061862178534438,0.05745978794165218,0.1605403247533125,0.028410982683258874,0.016222142111443,0.0,0.0,0.262682522599961,0.08860888566648875,0.1827601045038696,0.0,0.22920348978471855,0.2548147812237302,0.16013931216283595,0.0,0.2453981332330082,0.2133871672431793,0.2069671447291227,0.0,0.3980143800886762,0.23037620399669217,0.1567008769032972,0.1357355114302057,0.4034461654996337,0.05715396337912188,0.0
37,38,0.023251358156532512,0.0998872779684894,0.07482887192443963,0.11585688926631306,0.015026978862078983,0.2413553960098466,0.0,0.2573425063168199,0.14091747806290977,0.1424895221885781,0.11596306637003542,0.41457809876370216,0.08488776382711327,0.1998710924873538,0.030134397771861433,0.0638666373581067,0.0,0.07057378014704137,0.2064077385664467,0.22352698093481396,0.13006944328412365,0.06537204504489534,0.17578425688470925,0.15080780982192554,0.12016249161133395,0.0,0.20808571413990692,0.16880735216517934,0.2091877456678453,0.0,0.48113574779532986,0.152379535934061,0.15421539782268134,0.14670410671262837,0.30757260225434885,0.05346263731293644,0.0
38,39,0.04647449008082355,0.09274802230838665,0.04407533468156534,0.34757066781759455,0.035241389241957265,0.09853292782164962,0.12909944485918906,0.1993366482819293,0.1764095573747093,0.7569603350566556,0.2313524832421583,0.5994789404211722,0.14800687361256432,0.315002863677935,0.055017631392355305,0.064888568445772,0.037241946137443485,0.15136389545543558,0.48670848037337544,0.22031059770790504,0.8345551796012108,0.0,0.15164392179500055,0.10034721993000408,0.16008128016780288,0.10493029865924854,0.1828890866744306,0.1422967633442252,0.27891699422893224,0.0,0.6724539734090854,0.6724539734090854,0.28139251736437815,0.24445105711496312,0.2704336637569225,0.08708337712063915,0.1262617479108667
39,40,0.18792685334214926,0.07105391532901316,0.03023543015318367,0.4983193229808119,0.07662285844091207,0.09853292782164962,0.0,0.18196863130416527,0.12294547491763907,0.36345524799612244,0.23158211358782474,0.17677669528703,0.3117925264360853,0.5025707110364391,0.036217038774408176,0.0,0.10113777149979727,0.0407457909656238,0.6182150920181753,0.15805744403397554,0.4725548620390518,0.0,0.31671524081508023,0.38566495962963676,0.8136310990430652,0.26794565901245665,0.2562983823835209,0.4638750249492542,0.539308578567368,0.0,0.9703473834406139,0.8200040743174145,0.44728621283134595,0.36463187641811196,0.4659400265596503,0.15753975674028506,0.0
40,41,0.3180606980326963,0.032979295502823205,0.03854276208727207,0.7327433054069269,0.14452485485750446,0.09853292782164962,0.18257418584523172,0.18196863130416527,0.048693663962924044,0.09278799450212286,0.25349685785804943,0.0,0.06791021105542785,0.1605403247533125,0.014205491341629437,0.0,0.060625495984498394,0.034090374552144545,0.36916184048032413,0.07789155879579057,0.32370802938764276,0.0,0.3069922258494186,0.4156236224076852,0.20242433093898954,0.2810237779980284,0.3956264253748416,0.3164261199089187,0.31622776601683794,0.0,0.8600275285872337,0.47093696549861463,0.2869319381952205,0.13121614207512808,1.0,0.19082038266917217,0.2391106711200449
41,42,0.0821420910135814,0.11803601473623326,0.343741072316729,0.9268551142144538,0.17427408760002927,0.13934660286570613,0.5627314339173608,0.7931828747057094,0.059637315218227745,0.13364779160382825,0.79717263747283,0.17677669528703,0.07746338794919523,0.2093189742607915,0.014205491341629437,0.0,0.09657806769987527,0.10307960361430656,0.3911700064785533,0.06265594392815767,0.26904325125597917,0.11322770343213064,0.25229740531384376,0.30148326433940364,0.35528705726953985,0.0,0.15217291839602226,0.20494146432642948,0.5406981830851189,0.0,0.4772389330582094,0.2381653853265303,0.28879086249489955,0.128619080751889,0.5375837891312906,0.05908637903992208,0.14800795424494595
42,43,0.11457412770571544,0.6172531588433534,0.42018002247856107,0.2717084896374843,0.04381079543571619,0.3413280743447064,0.25819888973996535,0.5336367790021849,0.07098260304660652,0.2672955832076565,0.13203721397018267,0.17677669528703,0.3660299669450816,0.6102644348561918,0.047114284744614814,0.0,0.039937537916044735,0.0,0.2818669332425369,0.14137087565924059,0.38814106625409317,0.13074409009831697,0.16080867411647506,0.10663722498097478,0.13863445529565135,0.0,0.17348731582829569,0.15092850945726183,0.11163309656916034,0.0,0.21467937718571442,0.21467937718571442,0.3281941342999845,0.1869297110082035,0.20086822923609693,0.05325974232174253,0.18903358339769663
43,44,0.2402901266192347,0.07733361820902318,0.20310693808352717,0.14189513094886977,0.046316259461554946,0.3413280743447064,0.25819888973996535,0.36393726260833054,0.062072485673855635,0.08780717641566202,0.05307589971958961,0.0,0.3430061578100088,0.20306923302046642,0.020089598515505926,0.0,0.051334480118931464,0.1180925215467349,0.28037200677432145,0.1238797049604796,0.3649107694106044,0.21681454518698828,0.11071580406557008,0.07772862233045214,0.292341263994918,0.16224915387584732,0.17909166787723038,0.24637149303692552,0.23102796771618916,0.435406988092109,0.496537125140328,0.5437911676039413,0.4383623811877871,0.34703954095986594,0.33593971454676713,0.11022259892304477,0.13778790674938354
44,45,0.1917561415137599,0.05343607021678854,0.04535314522813237,0.0819231920553037,0.028112903231493687,0.4515346001212819,0.38729833459195867,0.2819045914170199,0.0,0.05890284461964405,0.20838692129420924,0.3307189138959115,0.28000097320154366,0.08793155726296574,0.0,0.0,0.05586291920430998,0.09812885911652126,0.2489568244733626,0.07068543782550454,0.1703821757277434,0.17295817390384113,0.09786918047605123,0.08690324166414953,0.233739483916311,0.08143245120162981,0.16615173730051921,0.2043228453908898,0.18264364529575167,0.0,0.3928456930369915,0.4299046652777056,0.18182241819122394,0.14043421091068947,0.22185857157228855,0.06149905313285631,0.1950473744013735
45,46,0.10762939032979996,0.06219438570811952,0.06927807367218153,0.0,0.046316259461554946,0.5306160552348079,0.34156502554286555,0.23017413506484177,0.07504197599310763,0.04534343092197612,0.2100382911927822,0.0,0.06142709714000564,0.0,0.020089598515505926,0.016222142111443,0.03533081228866284,0.12087154931826656,0.1812898587836923,0.10852327827975577,0.15751828736876292,0.17295817390384113,0.11465625224517433,0.1803183318344878,0.21819659964710947,0.1669832279223352,0.2621633576187954,0.16134936350842247,0.16877337804968529,0.0,0.32456471063479414,0.3980143800886762,0.20151453157797394,0.12403473458920845,0.3083429279062453,0.1276063637899014,0.14316736503719155
46,47,0.02221230562425328,0.043515762787350656,0.0919574707978407,0.0,0.02375973977768741,0.0,0.18257418584523172,0.2573425063168199,0.1333530908003495,0.059983720912753925,0.10665134009091663,0.17677669528703,0.0536877358294748,0.1758631145386744,0.017398102666742372,0.016222142111443,0.01557942382243227,0.11596455406881796,0.19163838801026128,0.13358292128945007,0.14410626923392708,0.06537204504489534,0.19544020638305729,0.21313925219878335,0.09230560764792155,0.2565384373414069,0.43693892936465895,0.4175911160192839,0.0,0.4886542938145731,0.49672603027371354,0.350569954935659,0.431947208831913,0.25372296106400316,0.5926748197624315,0.1508328336741167,0.0
47,48,0.014758892243610844,0.04099864392215887,0.09441010037867592,0.0,0.060107915448969235,0.0,0.223606797749979,0.3044917598246652,0.19553401415292823,0.1355571425025455,0.19136787794123283,0.17677669528703,0.07729406885891375,0.17948953964695288,0.030134397771861433,0.028097574338649865,0.022805941266692293,0.04463477767181841,0.20157739406675002,0.1017337219436712,0.15751828736876292,0.09245003270255589,0.16955738975582013,0.23030016156813632,0.11319455874767699,0.2565384373414069,0.4479849418760014,0.34822297909571254,0.408248290463863,0.0,0.6569282840455405,0.0,0.3613086863663616,0.23193015860911564,0.6313810464460125,0.0,0.0
48,49,0.020555481474441584,0.03855040098780294,0.039997714486056914,0.0,0.05205498174827746,0.0,0.223606797749979,0.23017413506484177,0.18701156496170765,0.7617831345257857,0.623458021279108,0.25000000001358613,0.06454718524910644,0.1758631145386744,0.02657604080716509,0.034412360079557704,0.022032632461760647,0.16093297956288244,0.3490894001864198,0.210366594802705,0.5813079702214461,0.11322770343213064,0.10358626501155267,0.11002971203391539,0.0,0.11516287690663012,0.33504983101125213,0.34822297909571254,0.36528729059150333,0.0,0.8598093305554112,0.0,0.24287621512810242,0.20733941853636076,0.3943243027784166,0.14577118644991505,0.1950473744013735
49,50,0.018752842880030044,0.036185016920795315,0.021379677692014144,0.11585688926631306,0.03360134623206104,0.0,0.12909944485918906,0.14095229571463794,0.12650984998326067,0.22126711563504306,0.768209370075916,1.0,0.13465788642596352,0.235398324396128,0.04261647402686461,0.1038723913320144,0.026984353611565332,0.6010522100243503,0.8966313345250296,0.5339976235019102,0.791956862719298,0.13074409009831697,0.09923228248235416,0.11399998873738648,0.16013931216283595,0.23750844165236473,0.17352268409957994,0.11409122908551693,0.33786868919974294,0.6385857648120632,0.7268559250629079,0.9751383236083677,0.4508824467846694,0.20741458235372934,0.671709332912158,0.139644069124151,0.20208540106112047
50,51,0.018399650381142503,0.0110835782032602,0.02618465060985307,0.0,0.04508093658536587,0.0,0.25819888973996535,0.14095229571463794,0.10471968396919239,0.0684858450665894,0.043743213111905044,0.17677669528703,0.059696408075742786,0.08027016238014605,0.014205491341629437,0.08810878442968696,0.016655104635541873,0.1152465003813982,0.2935987130387715,0.09060034523154509,0.15751828736876292,0.0,0.2789467189389688,0.40968505391173804,0.3496661500827767,0.3259660978182202,0.3469873290391258,0.3925461949314081,0.42969617299946583,0.4677021307006314,0.5841254153224388,0.4772389330582094,0.6840838043914441,0.3545712346051816,0.46276653686271524,0.1449154991573365,0.3314607378438763
51,52,0.04474834572136935,0.006703995144470227,0.08141138718651075,0.0819231920553037,0.17034258729172178,0.0,0.223606797749979,0.2819045914170199,0.045548751863990704,0.05069549694648571,0.38370663998446813,0.2795084971844357,0.09535500289705155,0.07179581586346322,0.010044799258591437,0.032444284222886,0.07066162457145889,0.0,0.514888577570977,0.09816299865095941,0.22832114183507882,0.0,0.1495138949829376,0.12305600462654943,0.1307058179303558,0.20946275695905095,0.14744126347515848,0.1813138939786344,0.3073319058612516,0.3959504129508011,0.4532743067968719,0.2867849073105047,0.08221105136684141,0.09780273780526742,0.45437131649144985,0.07957654894974078,0.2520447778554739
52,53,0.025096914816734702,0.17118176065077229,0.0,0.0,0.0,0.09853292782164962,0.223606797749979,0.24413653759292184,0.0,0.0408720163026478,0.24278687390148207,0.25000000001358613,0.025077507395564955,0.08793155726296574,0.0,0.030348848927524125,0.0,0.0407457909656238,0.12366049855602664,0.11334886739460674,0.1153113894360404,0.06537204504489534,0.20726633691605825,0.21114640628338918,0.14275644921790054,0.06585907325448728,0.15954753857408258,0.1962014215813284,0.17447464086340456,0.2504210291062396,0.2851445607350639,0.0,0.08160217942219901,0.08739423504215471,0.13233696663045083,0.06796616613372052,0.11314562458644065
53,54,0.01587268261402942,0.16273824512571364,0.03380423857352829,0.0,0.031877035964832656,0.0,0.18257418584523172,0.18196863130416527,0.04216994999523506,0.05553413447298904,0.16608985616354785,0.25000000001358613,0.0072392528224723375,0.05076730825235768,0.0,0.016222142111443,0.0,0.04463477767181841,0.08656660220772645,0.1308839982052308,0.13006944328412365,0.09245003270255589,0.15525424293854792,0.24169991265642407,0.15159495309194457,0.11480015829543945,0.13724798224249865,0.15696113726356625,0.13639310085536635,0.0,0.22228336422350028,0.29590849507509226,0.034102946848224104,0.09724332766209344,0.9361608096997581,0.07074142858192785,0.0
54,55,0.0,0.17499011213516907,0.032069516534303226,0.0,0.04115307646956986,0.0,0.223606797749979,0.11508706752491564,0.07889275245369941,0.12899986950475406,0.17588180842274928,0.0,0.03583247333197906,0.12943174770918306,0.0,0.028097574338649865,0.008327552317770937,0.07730970270839582,0.20973746408010902,0.12531188785631533,0.1153113894360404,0.11322770343213064,0.13076463572779987,0.24850370166813,0.12244354254370372,0.18875054224397914,0.13840621359413538,0.17585928972774026,0.2418160586778049,0.254950975677234,0.5320139747205481,0.6073751671674749,0.024851569815915197,0.19706858891934367,0.24007843898871967,0.07133841324203291,0.0
55,56,0.0,0.14135735824405884,0.039997714486056914,0.11585688926631306,0.015026978862078983,0.0,0.28867513460124894,0.11508706752491564,0.11157120049296497,0.3747696971096962,0.2954241580773866,0.17677669528703,0.06121343702415288,0.2093189742607915,0.024604632753605013,0.08029550684347773,0.014423743715630164,0.2690456641020441,0.5472312859020769,0.19992860970514076,0.27863010080923106,0.06537204504489534,0.21322895209820056,0.4317809806326152,0.21619684914509582,0.27321522622680344,0.24400776436297994,0.22032440791600788,0.36976793181829803,0.45660767189547097,0.4751789694793406,0.0,0.31100562710983887,0.22137608181279847,0.528608206888219,0.0,0.1486862141311705
56,57,0.0,0.10629585456700669,0.04407533468156534,0.2006700186484476,0.04751947955537482,0.0,0.34156502554286555,0.08137884587374196,0.10612538021129915,0.17229012126707538,0.345820464015646,0.37499999998867817,0.10044055666614495,0.13903199955809817,0.04017919703101185,0.0707106781091625,0.056786335798085265,0.14803681014420553,0.3945475227706219,0.17822184606059321,0.38814106625409317,0.09245003270255589,0.25772223757483465,0.4070870125235994,0.17631570017017356,0.1723048828805986,0.3827788589256173,0.20370641312325385,0.3019142520663569,0.6551681333907877,0.6696341494101926,0.0,0.7728416808455018,0.6520445137820338,0.5866019448485654,0.0,0.2073330197670606
57,58,0.027965516697505365,0.05290070984515453,0.06589659227271243,0.0,0.29350732660886,0.0,0.5627314339173608,0.2819045914170199,0.034431619989002606,0.0698789201328527,0.08778967297376582,0.0,0.02610149724920269,0.07179581586346322,0.017398102666742372,0.016222142111443,0.05555170274838916,0.25705395421823285,0.6865483987872362,0.20951662527640239,0.43186117605059315,0.09245003270255589,0.1525857344855178,0.568038106384425,0.0,0.1816252939596766,0.22563429291765794,0.3162965336634107,0.3670447222313362,0.0,0.5008826132589775,0.0,0.3409958312799469,0.30744357437646136,0.46120232299207337,0.06256792741856373,0.0
58,59,0.20118664345679216,0.16123073477214436,0.639606209551725,0.14189513094886977,0.0,0.0,0.40824829041835314,0.08137884587374196,0.0570983822192274,0.07169425933296393,0.5477128532970215,0.0,0.16571407142961933,0.10769372378609082,0.0,0.03804429550659845,0.155905480097277,0.7944906838051026,0.22758322820656898,0.07556591159127125,0.33222597060189196,0.09245003270255589,0.0588167846210177,0.18545803540074346,0.0,0.12356623532814205,0.19105098635190412,0.14404218609064112,0.12441333578394431,0.0,0.6279699752443488,0.0,0.24707532548457348,0.18990004393338025,0.39459933581365236,0.0,0.1486862141311705
59,60,0.16068233154937941,0.2635730349118657,0.32087327986353,0.0,0.036808430588748955,0.0,0.40824829041835314,0.29341560154763285,0.09585357336786357,0.10694226795277705,0.08280456600705545,0.17677669528703,0.1209193616378745,0.31088500209567077,0.037584197343673686,0.1538967527863752,0.09273169805702201,0.42850936353106445,0.500521036386704,1.0,0.3805090910422945,0.3922322703091614,0.08830294263868038,0.17559503763460454,0.0,0.25868514043069724,0.4280437787353801,0.35085181871995974,0.3670447222313362,0.0,1.0,1.0,0.9576999105230286,0.8265751214688793,0.11987854255274925,0.0,0.0
60,61,0.10804311703372019,0.1770920941695631,0.04898699568114078,0.0819231920553037,0.02125135731194159,0.0,0.28867513460124894,0.11508706752491564,0.024346831981462022,0.04875736769289532,0.10590114550291174,0.0,0.4759499057007473,0.0,0.014205491341629437,0.5024937809892572,0.02498265695248312,0.1898071725393523,0.322019243344757,0.16469208608200891,0.25923592791590505,0.4481681614193075,0.2773045881416695,0.23475447251410791,0.0,0.34583832497256567,0.27066552684115286,0.23494235919755932,0.5517372590682453,0.9331423883656249,0.6696341494101926,0.6696341494101926,0.8292523337575409,0.6052711825576241,0.47172657890481334,0.0,0.2953001212851917
61,62,0.14452532946835134,0.34180734149071135,0.03380423857352829,0.0,0.0,0.09853292782164962,0.223606797749979,0.21530818814732916,0.04216994999523506,0.0408720163026478,0.04313138979099841,0.0,0.08238129760267394,0.0,0.014205491341629437,0.18778487129416208,0.06841782379644136,0.18222071679226323,0.2634717640452808,0.056674433702436626,0.3062029946383569,0.18490006541716975,0.24931833483793928,0.581263245647964,0.0,0.0,0.4280437787353801,0.24765099133224483,0.2604585399340987,0.0,0.0,0.5008826132589775,0.6186719874213171,0.4347908725051191,0.4262163565045134,0.12426381735091666,0.43865466528586844
62,63,0.02279540491008805,0.22298553422498663,0.07009796106823729,0.0,0.02125135731194159,0.0,0.31622776601683794,0.24413653759292184,0.034431619989002606,0.04534343092197612,0.08376187602946986,0.3061862178534438,0.03237492283306862,0.05076730825235768,0.010044799258591437,0.028097574338649865,0.03331020927357281,0.09468466191616244,0.1459262391038738,0.12672788633577076,0.1703821757277434,0.16012815379526935,0.2709952406431998,0.3719683170880682,0.0,0.21203204280878532,0.2342651348432309,0.2632318295672283,0.24709266666836216,0.46984541817172903,0.5290166890404991,0.33362766748342704,0.23255585454056538,0.15143232912039806,0.27183709628733643,0.08276958799912958,0.0
63,64,0.0,0.11189849544146675,0.08349031036966803,0.0,0.03360134623206104,0.0,0.223606797749979,0.16275769174748392,0.07098260304660652,0.04241489581820962,0.13775061237314315,0.0,0.03830652529597682,0.05076730825235768,0.010044799258591437,0.034412360079557704,0.0,0.09111035839613162,0.25386979546711164,0.13358292128945007,0.14410626923392708,0.09245003270255589,0.18021135610493252,0.211349046246616,0.0,0.0,0.27399253266666634,0.1399061389328739,0.1039735800722609,0.0,0.2859665721048212,0.0,0.05081771207324333,0.06895964102035151,0.22003726710563315,0.0,0.0
64,65,0.012014233284349314,0.1104024048851572,0.05554603201694982,0.0,0.0,0.0,0.18257418584523172,0.18196863130416527,0.19401232552547262,0.059983720912753925,0.2045251860355693,0.0,0.02559462380876842,0.08793155726296574,0.014205491341629437,0.04999999999328796,0.008327552317770937,0.09468466191616244,0.26660964238513213,0.1499464572643042,0.04583694719384345,0.06537204504489534,0.11083523924977517,0.07009654861158585,0.0752954377107795,0.0,0.22260919902684906,0.18620811076925364,0.0,0.0,0.0,0.0,0.04195477603256822,0.056305311115120375,0.17014381619534402,0.11824226857136753,0.0
65,66,0.0,0.07629998662457436,0.04535314522813237,0.0,0.04508093658536587,0.0,0.0,0.16275769174748392,0.1846189943559265,0.12023492808810633,0.15029824007038953,0.17677669528703,0.020475699046235814,0.0,0.014205491341629437,0.04291975375571678,0.01177693742916316,0.27484538640168876,0.5584605640405774,0.1281282369821356,0.34883216317688776,0.09245003270255589,0.14927832543807648,0.1484238938508468,0.11147588578838635,0.08237749021876137,0.28863235727400405,0.33641006936413465,0.0,0.44798002890541927,0.0,0.0,0.10198774789187136,0.0,0.26494715885640147,0.2720740328162233,0.14176674269487854
66,67,0.010867282893034487,0.07928495854603904,0.04275935538681677,0.0,0.0,0.0,0.28867513460124894,0.16275769174748392,0.11157120049296497,0.11996744182550785,0.4405800364961758,0.5,0.09739418585605156,0.1564753529616306,0.03331483023367104,0.06589465275559285,0.03278560626353183,0.1567521876292277,0.4212436071642659,0.1972328196665335,0.21745023771680147,0.0,0.13942242597186777,0.11602829513831912,0.08714470858754289,0.0,0.07954810045765161,0.12338561683764127,0.0,0.42089054028609146,0.0,0.0,0.16684632514371892,0.1241415422601368,0.15659204481495087,0.19341036297225275,0.0
67,68,0.02843086505269786,0.024601622277387825,0.0,0.0,0.19679032261546708,0.0,0.0,0.14095229571463794,0.051647429983503905,0.09751473538579064,1.0,0.0,0.06962490418113765,0.0,0.0,0.09733285265486608,0.11478738713554226,0.05466621503662269,0.27279657720269795,0.09254896267972662,0.4457308257287042,0.06537204504489534,0.32520644624941364,0.6735615111123663,0.40476067999430254,0.30332027635467934,0.4226338453179757,0.34749797593503795,0.0,0.4758309514065712,0.0,0.0,0.23571923740651082,0.15320680486701804,0.43464238787695186,0.16824571793787216,0.25899533948645914
68,69,0.012548457409003828,0.0,0.7748474216204627,0.0819231920553037,0.4107068784442017,0.0,0.3651483716599344,0.8726908983813568,0.0,0.03206264749009716,0.08248299366651421,0.0,0.4816959879447954,0.0,0.0,0.14142135621357887,0.06688014825304762,0.19284428015208574,0.3744751273314859,0.07789155879579057,0.23889404266747608,0.1461763365485643,0.21922852603564869,0.3308135840503502,0.39074310085976605,0.27340920227269916,0.17440489143091586,0.18573824347942422,0.0,0.6002161560266991,0.0,0.0,0.35257979574432674,0.22755520572280555,0.3894555500043481,0.31323044253824917,0.1899430417928543
69,70,0.08495345824240245,0.025498693488349926,0.4804485011183735,0.1831858263694298,1.0,0.0,0.5322906473944534,0.927861601918946,0.024346831981462022,0.0793510041237256,0.044346596279895206,0.17677669528703,0.10263412233791219,0.05076730825235768,0.04141576832682454,0.07779866051156024,0.01177693742916316,0.3087014710262645,0.3715313831931418,0.10518329741241601,0.1703821757277434,0.24459979523530903,0.24134050280533295,0.14078924348870964,0.5312346748188751,0.1687518232809722,0.4124484004628822,0.34432668355756857,0.0,0.9122555796524017,0.0,0.0,0.7677207722651986,0.38669357401269844,0.6243377121867587,0.2927541031276804,0.20305765296440667
70,71,0.02969507007588867,0.0,0.10953825235651941,0.0819231920553037,0.1460789302289225,0.0,0.34156502554286555,0.29341560154763285,0.0,0.048093971245309924,0.04313138979099841,0.17677669528703,0.04313282671917162,0.0,0.024604632753605013,0.016222142111443,0.020398253984870187,0.2471762062383169,0.40508110437828465,0.09254896267972662,0.4592886784255007,0.2773500981157064,0.33408625509234297,0.14610390275328197,0.47742965149168,0.0,0.4195601038313576,0.4498468973957026,0.0,0.0,0.0,0.0,0.5861770554716835,0.33650584892013086,0.428020623230719,0.23634806438142272,0.0
71,72,0.06238573430330707,0.04463739937562213,0.11855604798234927,0.14189513094886977,0.08500542923390758,0.0,0.40824829041835314,0.31517891480258275,0.024346831981462022,0.03206264749009716,0.10714855183399005,0.17677669528703,0.5768508114536414,0.0,0.03331483023367104,0.14372854528880682,0.22071941382309868,0.2671880194330055,0.2796220739270839,0.08860888566648875,0.3405982737808435,0.4576043153776056,0.16572118863608776,0.14078924348870964,0.42869936475787546,0.4389480306166292,0.34319853568772635,0.14090192472430627,0.0,0.7886492597614145,0.0,0.0,0.4636306576396666,0.33488645856138916,0.32521218939115787,0.4502531445386804,0.17522838380184286
72,73,0.13119990820253385,0.019506974758540508,0.0414015678242265,0.317287158498343,0.031877035964832656,0.0,0.28867513460124894,0.3255153835161958,0.034431619989002606,0.0408720163026478,0.3466647722541302,0.3061862178534438,0.14204439746827913,0.0,0.03479620533251655,0.22478059474503134,0.0,0.3374774902233743,0.3837638203567196,0.14754715913819505,0.38814106625409317,0.06537204504489534,0.18701416237396462,0.0933752207685758,0.1302296140934801,0.10837475762517856,0.2111990988800404,0.10266303879948273,0.0,0.0,0.0,0.0,0.3459101557739329,0.18782868752188983,0.2847745897900816,0.13329261822361482,0.21072288509701764
73,74,0.04966822530961517,0.009480880855393172,0.047806412656379436,0.23171377853262612,0.05819923887664278,0.13934660286570613,0.12909944485918906,0.29341560154763285,0.034431619989002606,0.09618794247125947,0.11800762659684187,0.3061862178534438,0.028500966866738694,0.2093189742607915,0.03479620533251655,0.08350858761788436,0.0,0.15780776983790962,0.2610982150910734,0.18701608979378082,0.13006944328412365,0.0,0.21140005400051762,0.07088862516152299,0.041621119221795407,0.14562420487703662,0.31067832967131515,0.19284730397674416,0.0,0.3104209818621437,0.0,0.0,0.1828296047469727,0.15290805877853664,0.2731936366967295,0.15731110675992208,0.0
74,75,0.014579989969042119,0.023223320406264413,0.04535314522813237,0.2167483927510178,0.031877035964832656,0.22032632461411292,0.0,0.24413653759292184,0.034431619989002606,0.10139099388378799,0.1432362961869096,0.37499999998867817,0.04158634135262783,0.1721603184726541,0.03331483023367104,0.08506963092856906,0.0,0.110840534825429,0.2928769128188292,0.16029950553456335,0.04583694719384345,0.0,0.08391888233157181,0.06556931722870024,0.0,0.0,0.22395490745858368,0.16701066429520023,0.0,0.0,0.0,0.0,0.0916002484050611,0.08465324547608274,0.18584472502237406,0.10375716957878292,0.0
75,76,0.0,0.014585362785407341,0.05236930121401416,0.16384638409477778,0.05418054280471363,0.09853292782164962,0.0,0.2573425063168199,0.20658971995497277,0.17743423930351654,0.2524463069043362,0.3061862178534438,0.0331744240330208,0.25128535551821957,0.037584197343673686,0.028097574338649865,0.0,0.09812885911652126,0.27584727140319926,0.11334886739460674,0.14410626923392708,0.0,0.1274286719486215,0.0,0.0,0.2933213782912408,0.6050737400100895,0.7541595337886458,0.0,0.8780031252171687,0.0,0.0,0.2912379754444313,0.29392235307172326,0.38169879566698606,0.16469242275904084,0.0
76,77,0.0,0.0,0.02618465060985307,0.34757066781759455,0.0,0.0,0.0,0.14095229571463794,0.17808172328483474,0.8169685896963119,0.19603272582278208,0.4841229182145383,0.07221132011000499,0.31704173843948663,0.07845239015546412,0.06589465275559285,0.03225247144461118,0.3108452570259697,0.42808107911610926,0.29690288058449654,0.41042197451787377,0.06537204504489534,0.0762928672362812,0.0,0.0,0.11069142644990336,0.19850833956270073,0.12338561683764127,0.0,0.24486337267761668,0.0,0.0,0.04195477603256822,0.060816686885114234,0.22519909148721176,0.12426381735091666,0.1095858630615856
77,78,0.016913284908881915,0.0,0.0,0.40961596024485925,0.05205498174827746,0.0,0.0,0.08137884587374196,0.11157120049296497,0.24073689662741646,0.31204854707619484,0.5728219618917155,0.3215157482541146,0.25128535551821957,0.04492170792135011,0.0707106781091625,0.32711490470063653,0.2389802296540505,0.49135113475737435,0.2313724066867427,0.1703821757277434,0.0,0.37392667287814096,0.5740344009515097,0.4381602412754805,0.30332027635467934,0.43608358316424556,0.4498468973957026,0.0,1.0,0.0,0.0,0.7854279465586632,0.5539379964828238,0.7387472047294771,0.7037153621983923,0.25899533948645914
78,79,0.07126153950444541,0.026704013571874304,0.0,0.14189513094886977,0.046316259461554946,0.09853292782164962,0.0,0.18196863130416527,0.048693663962924044,0.07079240883870834,0.05694090266843135,0.17677669528703,0.04158634135262783,0.05076730825235768,0.010044799258591437,0.0,0.01557942382243227,0.036444143356868214,0.3990121966384929,0.18509792538460093,0.14410626923392708,0.0,0.6827059528170856,0.8762422591775967,0.4161691485754184,1.0,0.5967312688359452,1.0,0.0,0.0,0.0,0.0,0.4396436064415968,0.5719499633821734,0.2141857726934334,1.0,0.0
79,80,0.06558495011504996,0.0,0.31890854891985526,0.40961596024485925,0.07437975056935756,0.09853292782164962,0.6055300708256349,0.3547221653348333,0.024346831981462022,0.04534343092197612,0.04610939520509309,0.17677669528703,0.13601321202726252,0.08793155726296574,0.014205491341629437,0.0760885910131969,0.026984353611565332,0.39964123179240457,0.31528606312292845,0.1802132134350639,0.13006944328412365,0.38118124997123676,0.38107658459871196,0.30920478254862466,0.1097334233322935,0.33984314945061267,0.39360250180613027,0.3422590130034617,0.0,1.0,0.0,0.0,1.0,0.6949538619915071,0.6620988092165209,0.7583972970884555,0.0
80,81,0.025201268343944115,0.00734385873156624,0.3830484152634692,0.5434169793704249,0.06803754052246157,0.27869320567709743,0.48304589155503314,0.23017413506484177,0.05444117134731497,0.06609884112388596,0.07541388580091984,0.17677669528703,0.08792042005315355,0.09497693697338017,0.055017631392355305,0.08660254037844387,0.008327552317770937,0.22465678765070898,0.28409713577006374,0.1499464572643042,0.34883216317688776,0.21681454518698828,0.35340449200503904,0.18671824039930593,0.15430972863760617,0.17377550598862446,0.23799256335101512,0.3214798318940589,0.0,0.9780612320130353,0.0,0.0,0.7222573445180106,0.36123269032841127,0.4977540459200571,0.10506941718170013,0.0
81,82,0.10830998040802757,0.020986824409235737,0.09501336595182844,0.2006700186484476,0.036808430588748955,0.6682828306445904,0.40824829041835314,0.2819045914170199,0.024346831981462022,0.1442819137036625,0.11152374862009476,0.17677669528703,0.2971622901735533,0.11905989135298344,0.030134397771861433,0.12617865360081176,0.03770459674742749,0.38266350524504134,0.6984027681622788,0.09996430483510871,0.3405982737808435,0.18490006541716975,0.18161335032268683,0.19288079988580292,0.12224330767330718,0.0,0.12462792178189712,0.1945315918887568,0.0,0.5730678045540905,0.0,0.0,0.31995056210995054,0.28513546429316555,0.10220898164801676,0.16684780643646832,0.19430841763632656
82,83,0.2085083944979327,0.028284186498603568,0.021379677692014144,0.2837902618886003,0.0,0.7036658518500655,0.18257418584523172,0.3255153835161958,0.038495721435425186,0.05069549694648571,0.14397654037797228,0.0,0.05295056946135888,0.11905989135298344,0.010044799258591437,0.0769483763953683,0.018620973067608595,0.09980639702031192,0.2697176341259621,0.11491237390576535,0.26904325125597917,0.1461763365485643,0.30251377847151184,0.2990574726719052,0.20308157787013045,0.22998104060018243,0.24055094397963425,0.18585443882856872,0.0,0.502491020068969,0.0,0.0,0.13058378399318682,0.1726468187372237,0.3585643666077749,0.19668985004556375,0.0
83,84,0.2067641583415361,0.029222037352108998,0.04275935538681677,0.34757066781759455,0.04381079543571619,1.0,0.223606797749979,0.43823849686814975,0.04216994999523506,0.07346475455487976,0.39395884532136244,0.17677669528703,0.04373611233593591,0.11905989135298344,0.020089598515505926,0.030348848927524125,0.008327552317770937,0.10467783230440247,0.33771374028388756,0.12096448002227315,0.1827601045038696,0.06537204504489534,0.11318673520866714,0.06804449623663882,0.04169381992352524,0.15537915261233584,0.1804375536114454,0.16324945058270382,0.0,0.29858155232986877,0.0,0.0,0.14527025777492178,0.15367036662537456,0.3134337166771703,0.10006355259133319,0.0
84,85,0.09971879421310234,0.04778213458224867,0.047806412656379436,0.1831858263694298,0.05722103074147581,0.197065855624096,0.12909944485918906,0.42285688713574315,0.07098260304660652,0.11279036032011003,0.07611542543090115,0.17677669528703,0.08488776382711327,0.10769372378609082,0.04017919703101185,0.016222142111443,0.008327552317770937,0.09642214007604287,0.25710278722281427,0.11491237390576535,0.14410626923392708,0.0,0.04239219575817708,0.027958850808214322,0.0,0.08781469963152515,0.18215996813792998,0.17290003037249285,0.0,0.24308621739531908,0.0,0.0,0.076544938311407,0.09350031817650513,0.12730104900576095,0.18387268974618665,0.0
85,86,0.026321866321442556,0.04771938717147859,0.03854276208727207,0.11585688926631306,0.04983885061890565,0.09853292782164962,0.12909944485918906,0.3547221653348333,0.07504197599310763,0.12572074400354258,0.05694090266843135,0.0,0.06413994342145105,0.07179581586346322,0.036217038774408176,0.0617720768018403,0.01177693742916316,0.10625202339903457,0.2595060447653475,0.09996430483510871,0.14410626923392708,0.0,0.12266093916663275,0.15313693269580528,0.0,0.20364260611268606,0.4253474131356165,0.43197554428336926,0.0,0.48833349426200745,0.0,0.0,0.22220433461065925,0.2570259620706089,0.4847123876777304,0.14449443897355624,0.11082416070479569
86,87,0.010867282893034487,0.0443343128113954,0.0,0.0819231920553037,0.031877035964832656,0.0,0.18257418584523172,0.29341560154763285,0.23667825732843234,0.2829426456409898,0.27550122473118854,0.3061862178534438,0.0725732838826047,0.1605403247533125,0.04603105294203374,0.04999999999328796,0.01177693742916316,0.15780776983790962,0.2158145067720887,0.1534750919460909,0.1827601045038696,0.0,0.06531266162171394,0.04156876878062121,0.050755266984189445,0.0,0.28946794985366725,0.2746094708471929,0.0,0.2383325057796196,0.0,0.0,0.13137035793010313,0.1286338948765516,0.3102623034286717,0.1746247616423059,0.13112891532492493
87,88,0.02622197273422479,0.04018670918571135,0.035454184524934255,0.2953782695875202,0.0,0.0,0.18257418584523172,0.29341560154763285,0.5196209461246,0.4613011667591056,0.5451838867200318,0.8569568250947197,0.23508073302227805,0.4707966487684558,0.05942583380345674,0.10195458222737983,0.0,0.2690456641020441,0.40998825398213357,0.23746219506718547,0.5469249091061003,0.0,0.06020089833862744,0.10117565303023579,0.06640433435235939,0.16078439743766162,0.3084883237308702,0.3456775191562514,0.0,0.6393786291376551,0.0,0.0,0.24541683755031898,0.20559792673063496,0.24679175520749705,0.16666148834676983,0.07174078750607732
88,89,0.02173456578753886,0.037844433609186615,0.05013978859209526,0.3570949152940799,0.015026978862078983,0.0,0.38729833459195867,0.29341560154763285,1.0,0.26849476189098825,0.6521260744718436,0.6846531968938601,0.8057226601975823,0.4999999999719873,0.12384060240300948,0.29199855799907803,0.19485404759981262,0.44148586289176267,0.500521036386704,0.21622284749147805,0.5045583887289345,0.0,0.0964752373015472,0.11414153045216985,0.22802581912511763,0.2618537554554629,0.22371396610277566,0.24165047972470052,0.0,0.29989515986833465,0.0,0.0,0.34727350971408366,0.3654276625944894,0.26575065863991426,0.29911243213124805,0.32625749519168845
89,90,0.03386533953930577,0.018071795792975836,0.2896137573035003,0.16384638409477778,0.1104252917609126,0.0,0.223606797749979,0.1993366482819293,0.284451864207121,0.08015661872669491,0.09808412397138569,0.17677669528703,0.0921406457143358,0.14359163171912298,0.04017919703101185,0.09032106474986129,0.01177693742916316,0.05466621503662269,0.6537367610595238,0.08657162746557673,0.22832114183507882,0.09245003270255589,0.18791150700070722,0.1324976203389116,0.3173659446085845,0.2507528720106611,0.34962827814137837,0.37222220423847807,0.0,0.4229092115497209,0.0,0.0,0.3680333538589555,0.2396285510788801,0.07065433710270126,0.1825940383880708,0.16468982379582914
90,91,0.05748143225234414,0.0,0.5591511270651613,0.5792844463875314,0.08697492822726027,0.09853292782164962,0.25819888973996535,0.2699030976609657,0.09109750373816561,0.059983720912753925,0.2986451102432548,0.17677669528703,0.26770557264510547,0.10769372378609082,0.017398102666742372,0.0,0.21747510898185965,0.11232839383178023,0.6045486617503482,0.07556591159127125,0.14410626923392708,0.13074409009831697,0.273476213434302,0.2613926887484854,0.28817746997068433,0.24108353166201824,0.18266168845231756,0.09465948222366183,0.0,0.0,0.0,0.0,0.19823847978198003,0.18413166356601315,0.5832746267446127,0.17778623536843596,0.2193791769388785
91,92,0.12080673953600682,0.11625843571581085,0.49670379621083705,0.45612902919205484,0.1425584386633699,0.0,0.4654746681575633,0.40689422936870984,0.024346831981462022,0.08853587916965876,0.04313138979099841,0.17677669528703,0.11168175312737763,0.0,0.0,0.0,0.07789711910683951,0.25051206832171885,0.44350541732038035,0.09816299865095941,0.4659570556308671,0.46225016351277953,0.44070556451963433,0.1072768471125756,0.3086988244943249,0.1284284769773752,0.133540905860295,0.10736270656734656,0.0,0.35020209798293367,0.0,0.0,0.36938459992048694,0.17585501369976023,0.6511046472429906,0.20567207013077127,0.190167428202628
92,93,0.12132699346320833,0.23698409482162275,0.2775243578131841,0.2837902618886003,0.05418054280471363,0.09853292782164962,0.48304589155503314,0.37292472120309655,0.051647429983503905,0.06609884112388596,0.029162142076188172,0.17677669528703,0.15416379399849314,0.321080649524074,0.02657604080716509,0.0,0.04286869931860142,0.20454224731286724,0.27356186866988247,0.16684501521289138,0.23889404266747608,0.43362909039968417,0.2034074562835296,0.16564291890060115,0.13157445362676612,0.09464453064524968,0.056656608059308465,0.04511837410584383,0.0,0.0,0.0,0.0,0.20734510182994628,0.1640923924464664,0.14341970495009546,0.1839113957267691,0.13112891532492493
93,94,0.35448004044118336,0.6523162968585012,0.2500142836888548,0.4013400372645831,0.08953355979356371,0.3413280743447064,0.4281744192280888,0.23017413506484177,0.10185010545815346,0.12050182060205493,0.14905535079168583,0.17677669528703,0.12486399590361673,0.1564753529616306,0.030134397771861433,0.0,0.11000567377727363,0.13757362424663425,0.3447035557852673,0.0801497527818007,0.37276728630228345,0.5350932501278712,0.1415797796559413,0.18461311968356153,0.31679809142251997,0.12628230122485096,0.11853856005698321,0.18518415415433168,0.0,0.3359020522073606,0.0,0.0,0.33516416508400204,0.31671424696065775,0.3038806563108851,0.4627489396179854,0.23352099692724712
94,95,0.311781401419745,0.7332691656171232,0.05126666611797646,0.25906388008617054,0.061957821083543134,0.3413280743447064,0.31622776601683794,0.11508706752491564,0.045548751863990704,0.06609884112388596,0.1028456597110009,0.0,0.07897092495434065,0.08027016238014605,0.02657604080716509,0.0,0.0,0.08149158194541921,0.10768254127495241,0.08860888566648875,0.288010709203407,0.16012815379526935,0.15240569224385178,0.08408809513536286,0.0758448393138538,0.11003150325077009,0.14431617863700202,0.17494625580528486,0.0,0.2214872541991058,0.0,0.0,0.11185780212085783,0.09832078544249025,0.15129372520294201,0.24542554561275068,0.21106905038624357
95,96,0.08830108531786571,0.6819778897057319,0.07328584286542811,0.2167483927510178,0.02375973977768741,0.32679675110274226,0.31622776601683794,0.21530818814732916,0.07304049593591809,0.05780175978318227,0.21404893090476387,0.25000000001358613,0.09846448376109362,0.08793155726296574,0.02246085395880017,0.05380275867636133,0.0,0.025769900907778004,0.0679691451264287,0.08860888566648875,0.22832114183507882,0.13074409009831697,0.15314089040388829,0.15313693269580528,0.1684082283354646,0.0,0.1824826609440536,0.1946839864205014,0.0,0.31323027878115267,0.0,0.0,0.16588849697641658,0.06674740008347448,0.22789153512353225,0.26020627119166534,0.0
96,97,0.028152579087845204,0.2811684655295328,0.039997714486056914,0.0,0.0,0.35526552353994184,0.34156502554286555,0.16275769174748392,0.062072485673855635,0.05436486384983236,0.2650788987649837,0.3061862178534438,0.05836472215918659,0.1523019247607516,0.036217038774408176,0.0,0.0,0.03156155396392282,0.13963580450600044,0.18796783177828208,0.41042197451787377,0.09245003270255589,0.11278444176775157,0.0874473509068448,0.12500037445279452,0.0814771627488951,0.15446985551014294,0.1159581817168616,0.0,0.37943440478562224,0.0,0.0,0.1334346809086612,0.0,0.21536610917075724,0.16216312053440218,0.0685506960791815
97,98,0.0,0.021757881394513505,0.06760847714705658,0.0819231920553037,0.031877035964832656,0.2955987834393446,0.25819888973996535,0.23017413506484177,0.10888234269462994,0.0793510041237256,0.26797057286034787,0.3061862178534438,0.07813699529963576,0.16837611308605638,0.04378426487365932,0.028097574338649865,0.0,0.0407457909656238,0.2388884850661595,0.1308839982052308,0.3569342848778153,0.13074409009831697,0.2089537610989039,0.26006501728861847,0.17459470631454005,0.13980978875969474,0.24630327836677654,0.13432003111643456,0.0,0.30980689426638247,0.0,0.0,0.2511177371376591,0.03804346749338897,0.44829528435044924,0.2810262196781783,0.2379158991999378
98,99,0.009584042654726016,0.032475765231296375,0.032069516534303226,0.0819231920553037,0.07735610825222802,0.26069362295264586,0.12909944485918906,0.11508706752491564,0.13111170275886216,0.2336946939064775,0.24157979043960368,0.45069390938589715,0.06413994342145105,0.13431767238040887,0.05592707533985137,0.0,0.0,0.127554501760922,0.2781172142844495,0.14010294981777577,0.04583694719384345,0.06537204504489534,0.15478667261979967,0.13923395417496576,0.12807604190207222,0.20921287788060922,0.16018445743092102,0.16553917601446025,0.0,0.3625902620186137,0.0,0.0,0.1930948584877424,0.10212858423763306,0.30391943940082244,0.19765920293200998,0.15515382498671396
99,100,0.0,0.021963472242895195,0.05126666611797646,0.25906388008617054,0.0,0.2413553960098466,0.0,0.0,0.3676291009550094,0.1923758849328388,0.43542261811408034,0.3061862178534438,0.10263412233791219,0.1865310012537982,0.07845239015546412,0.016222142111443,0.0,0.20454224731286724,0.32666266259885224,0.2782888470017251,0.5700275173582968,0.06537204504489534,0.14569541350009088,0.1350540801556023,0.12920232966942863,0.05962045024417489,0.20230150904629263,0.13516217123022706,0.0,0.22669943210757773,0.0,0.0,0.1293101543588298,0.08126971632469723,0.4067085083876998,0.1672198198828007,0.10260323551835814
100,101,0.01545380443020427,0.008994353317912852,0.02618465060985307,0.2717084896374843,0.04381079543571619,0.13934660286570613,0.25819888973996535,0.11508706752491564,0.9251796152380638,0.2607247278116301,0.1752763615342049,0.6123724357512597,0.14505627440530114,0.36076950983330464,0.12261240079379393,0.0,0.15081838698970995,0.6635436733918347,1.0,0.3811212280175037,0.32370802938764276,0.0,0.28771311868732147,0.3376352003962408,0.3240402243083754,0.20335313530859273,0.3146700778735182,0.2055398476926472,0.0,0.10602895059829916,0.0,0.0,0.5507662989585097,0.3522208628720576,0.5133134561964375,0.4398336907290753,0.2122121113158783
101,102,0.0,0.0,0.015117715075605954,0.14189513094886977,0.028112903231493687,0.09853292782164962,0.0,0.08137884587374196,0.24407623167943243,0.08633132044388495,0.02417997083528773,0.3061862178534438,0.01773247553465978,0.11905989135298344,0.024604632753605013,0.0,0.014423743715630164,0.07513152625256343,0.30355336021963647,0.1238797049604796,0.06524621095867675,0.0,0.5320670931058845,0.4892798891437506,0.5048112644121711,0.17635967019246662,0.35539601560471323,0.18507842525381793,0.0,0.0,0.0,0.0,0.3874824747649484,0.13990041310989615,0.47484067974220956,0.3821896689021395,0.15005662294090974
102,103,0.06697084013623562,0.0,0.6114737326581272,0.40961596024485925,0.1460789302289225,0.0,0.34156502554286555,0.3355335772180009,0.051647429983503905,0.06311538469579996,0.2357899402545102,0.0,0.3742070549565472,0.07179581586346322,0.014205491341629437,0.0,0.022032632461760647,0.33943958521249296,0.2448021405390382,0.0801497527818007,0.19470331085019985,0.20672455764499356,0.42876934608143813,0.5835003158090721,0.5813628295085976,0.2688101100631664,1.0,0.2089070685118886,0.0,0.49065338146265813,0.0,0.0,0.9013373412293749,0.0,0.6508205808320497,0.38897000611318566,0.2532573890517506
103,104,0.05961067614726425,0.013295787559791338,0.295473024316913,0.433496785561866,0.031877035964832656,0.197065855624096,0.3651483716599344,0.2573425063168199,0.034431619989002606,0.08633132044388495,0.044346596279895206,0.41457809876370216,0.10725338466538417,0.05076730825235768,0.010044799258591437,0.0,0.016655104635541873,0.2787440971956406,0.10305294350630646,0.12951344736809603,0.32370802938764276,0.25318484176640077,0.29831689777547127,0.2117693693910228,0.3076389112606662,0.11757311346966075,0.1199232736536668,0.08766128283882813,0.0,0.35020209798293367,0.0,0.0,0.29270429596509046,0.06568952963508912,0.3917862363906915,0.15814826681622757,0.1414747408868982
104,105,0.14818341534826543,0.061345524110091955,0.30045864456687,0.2717084896374843,0.05312839327061479,0.17066403720561407,0.5322906473944534,0.24413653759292184,0.15778550490739882,0.16813794191548753,0.22233145205353638,0.41457809876370216,0.17328902377229483,0.1758631145386744,0.04817316492655403,0.0,0.0908428708543587,0.4668016783925097,0.3007372288000179,0.2313724066867427,0.25923592791590505,0.3755338080689595,0.10497082790890154,0.1600696774941914,0.249282548600563,0.09210083397248722,0.13882122565665592,0.10566112967733916,0.0,0.30958370190312134,0.0,0.0,0.33268117934471153,0.03792586762100939,0.1841085576535957,0.17961181216779362,0.29935442485074526
105,106,0.1641643277794262,0.12738766858949152,0.12557717280267322,0.4256853928557485,0.05521264588223438,0.3115884764413859,0.38729833459195867,0.16275769174748392,0.18137981320424731,0.10075530740605733,0.11642051614244858,0.17677669528703,0.11132925853611643,0.1721603184726541,0.03331483023367104,0.0,0.04163776158636561,0.4358085688515336,0.14838918150739872,0.12096448002227315,0.23889404266747608,0.17295817390384113,0.1642099199768088,0.14451981097231625,0.22303603682347758,0.14832952971440558,0.12940465863242423,0.14505777224760297,0.0,0.14780229655696273,0.0,0.0,0.22107509558238814,0.08152328860357107,0.016869497496072812,0.26255708382950393,0.17848367847837984
106,107,0.14933015809696762,0.48293278053647676,0.0414015678242265,0.23171377853262612,0.07588252362242957,0.26069362295264586,0.28867513460124894,0.16275769174748392,0.14196520608232122,0.08997558136913088,0.26935544289053487,0.3061862178534438,0.04578505495711376,0.07179581586346322,0.03890334024235631,0.0,0.09291846901991081,0.0854690921754705,0.2781172142844495,0.09816299865095941,0.27863010080923106,0.18490006541716975,0.12273809898504631,0.06868143208184149,0.18700849999730373,0.10261617305120488,0.148787542044584,0.08442473992070688,0.0,0.2759027296029115,0.0,0.0,0.23549559796825636,0.06728804879974094,0.26069019578738556,0.16574291660781812,0.0873115513028564
107,108,0.09165529358718949,0.731311336356049,0.021379677692014144,0.3377779740087432,0.08161738641810842,0.32679675110274226,0.40824829041835314,0.18196863130416527,0.11157120049296497,0.07258490539744132,0.30262309519928676,0.25000000001358613,0.27736826629708017,0.09497693697338017,0.04017919703101185,0.016222142111443,0.02761936645935017,0.06043577466391052,0.2073633246323107,0.13491213732367335,0.13006944328412365,0.11322770343213064,0.07783289965133157,0.09190959942382126,0.09199708435207103,0.06900131063872832,0.22896522997679725,0.12713815566419032,0.0,0.13193628002716848,0.0,0.26988351912202274,0.14262788664447046,0.11482145594471178,0.17120639865910567,0.07454135111305653,0.08444809490589518
108,109,0.04331793413842005,0.19818594109284685,0.05126666611797646,0.23171377853262612,0.031877035964832656,0.26069362295264586,0.3651483716599344,0.2573425063168199,0.10751269895359133,0.06895333065690434,0.24102911776735594,0.3061862178534438,0.17366664248969566,0.10153461651023321,0.05592707533985137,0.02294157338328355,0.008327552317770937,0.06570061378726737,0.1896030467463595,0.1438732093153448,0.14410626923392708,0.09245003270255589,0.11035646706682414,0.12503578195988432,0.10310252428255723,0.060294149037364526,0.31744899841761864,0.2798122778657478,0.14766611218769587,0.1963274672442849,0.44455310244918,0.2717100482590264,0.15595817069238707,0.22653705651854864,0.41767699821180004,0.08019580834311849,0.07255144361094364
109,110,0.019972687628987372,0.1603455872317786,0.02618465060985307,0.14189513094886977,0.036808430588748955,0.27869320567709743,0.38729833459195867,0.14095229571463794,0.1366462555987616,0.13316617637496048,0.2058204819670531,0.0,0.1057773503001353,0.09497693697338017,0.052194307999581656,0.0,0.008327552317770937,0.07288828671769751,0.30842975943336576,0.12951344736809603,0.06524621095867675,0.0,0.226272688291576,0.2775842635151599,0.25852651958430223,0.104432529539968,0.4279381706805055,0.3065189929079471,0.18678449908021583,0.35020209798293367,0.4571491670611824,0.3232532760673394,0.05721666599122493,0.24842492005535516,0.49327293540508965,0.058884174870365846,0.1567290311073375
110,111,0.02627196699982107,0.185188891592788,0.015117715075605954,0.25906388008617054,0.0,0.22032632461411292,0.25819888973996535,0.16275769174748392,0.2689195488761484,0.32677957125122653,0.2623580016948233,0.3307189138959115,0.09859745409562913,0.11905989135298344,0.06662966047745444,0.0,0.008327552317770937,0.12492422953282772,0.22758322820656898,0.18985700320708393,0.14410626923392708,0.0,0.198929055973354,0.271177899741555,0.2153643008759192,0.058786556727615666,0.21586189256796579,0.23901105997662234,0.17024309107438398,0.19993010657548188,0.4175197392171377,0.1527139639081976,0.05004150819387214,0.1722145438480202,0.4514362184838664,0.05491633612308499,0.044738241258474816
111,112,0.018184442388333187,0.14533915135601347,0.015117715075605954,0.2167483927510178,0.0,0.197065855624096,0.25819888973996535,0.18196863130416527,0.2559314149504462,0.26945026226140134,0.18969407429535354,0.3307189138959115,0.06352418570822975,0.11351915231163444,0.06272975126233754,0.0,0.0,0.13140122757892916,0.4922749799372052,0.18218281520677,0.13006944328412365,0.0,0.3362978321477318,0.4762799120127808,0.43515012972254435,0.11981280256860898,0.14967329270758037,0.29192635906069875,0.2817407257024821,0.6833601774352941,0.5862657497601805,0.29676153663722776,0.23229321572447087,0.23973241807959117,0.3610562859622648,0.08456913722077562,0.1567290311073375
112,113,0.011569106094447282,0.1449159177340545,0.015117715075605954,0.23171377853262612,0.035241389241957265,0.17066403720561407,0.38729833459195867,0.11508706752491564,0.15204591699767425,0.3161871275971367,0.24809254248371165,0.17677669528703,0.13475514744599704,0.19662093940740671,0.1552888280564498,0.04442616582557054,0.06314679198030043,0.6814421391369491,0.8665897901125735,0.2043425767277145,0.33222597060189196,0.06537204504489534,0.3616327004569871,0.33265451971026844,0.4501465778761991,0.22967573337663905,0.27236381363748474,0.2296230150089229,0.4290431560300904,0.9650435027741386,0.5639336853375382,0.4322469847862409,0.5515198846113489,0.34470241454519157,0.5291180100926555,0.1133369260563304,0.15915908347967422
113,114,0.03409703213565374,0.0390906731878832,0.015117715075605954,0.4013400372645831,0.17969653141337655,0.09853292782164962,0.223606797749979,0.1993366482819293,0.08778375110779071,0.0855838490565336,0.6145277108502034,0.17677669528703,0.1809813205709881,0.07179581586346322,0.028410982683258874,0.0760885910131969,0.1453151914108481,0.05466621503662269,0.5799301962025396,0.07316637928448794,0.14410626923392708,0.09245003270255589,0.358405510820484,0.5833858029546026,0.23277974328797227,0.3128509774186917,0.34522332338283035,0.37319512461092874,0.38061076137871713,0.0,0.6334003294688073,0.5372759051449091,0.3054552104086358,0.18400285513956258,0.4896285691791262,0.10871761674892196,0.27059117349549194
114,115,0.09123916562303572,0.04430050852401806,0.07999542897956638,0.3377779740087432,0.10678674887055414,0.09853292782164962,0.31622776601683794,0.29341560154763285,0.034431619989002606,0.11670979853797642,0.042510761896778194,0.25000000001358613,0.06269376848573247,0.05076730825235768,0.014205491341629437,0.04442616582557054,0.01177693742916316,0.2793390692721896,0.3434416941066631,0.07068543782550454,0.15751828736876292,0.13074409009831697,0.3988735442174959,0.31112728440183124,0.2928574189331214,0.14168768671426477,0.16116188865094044,0.14806274020305435,0.2567639053884996,0.27126537865896005,0.5730705839121026,0.21597015895217886,0.16760914457386666,0.09054676790225799,0.5281171678433815,0.047787043918838604,0.08584402575341762
115,116,0.04340871579756957,0.08196073901941861,0.34157338937521814,0.4634275570932353,0.08500542923390758,0.2413553960098466,0.40824829041835314,0.29341560154763285,0.10329485997000168,0.09751473538579064,0.33185953908411614,0.25000000001358613,0.995535457376571,0.1605403247533125,0.10044799258591434,0.06977407148180378,0.11598938207440218,0.5039975998563971,0.20831550394165843,0.1499464572643042,0.19470331085019985,0.29957234476718053,0.27923085938329906,0.272784848509379,0.26256693138579257,0.18596440349725088,0.19680125088662287,0.20642310805150738,0.1872392706205162,0.0,0.2946934868211698,0.2946934868211698,0.2987418572195202,0.18068721677572366,0.43497682772793844,0.08933117159911025,0.12858248038458475
116,117,0.061836441833307415,0.20943950361542368,0.19182229997559996,0.23171377853262612,0.04115307646956986,0.13934660286570613,0.5,0.08137884587374196,0.1747213888447345,0.13023908978085463,0.03419564269609074,0.0,0.3071781404635198,0.21835844927617645,0.028410982683258874,0.059603956060518375,0.17517575877827526,0.7345551929294699,0.2422818963879265,0.17210955460543537,0.2971978406825816,0.25318484176640077,0.12176231213466406,0.14709271097085547,0.22466293532785542,0.16327732744973283,0.15652497718509598,0.1668012464502829,0.1743689946961472,0.3104209818621437,0.37224505454188744,0.33532552918727637,0.3895203613332281,0.15505273658962992,0.3709341624294477,0.06792501192496196,0.1553233611669395
117,118,0.1433126865990784,0.41786204836035373,0.08750010203175912,0.30652851669336606,0.028112903231493687,0.09853292782164962,0.223606797749979,0.11508706752491564,0.1846189943559265,0.2189317772803898,0.31400125736712,0.0,0.09424940028308484,0.2408104871357851,0.0317644442963196,0.14095538673568123,0.09693642911652808,0.4537259257881681,0.30355336021963647,0.18315967377765544,0.3649107694106044,0.20672455764499356,0.20950527691893747,0.21183771518708125,0.21800228217557838,0.15144087517760352,0.21541727442199632,0.1952755012636236,0.0,0.0,0.1681325406966124,0.16097465215641293,0.34475326472092754,0.21309960351932383,0.3053731584689423,0.08970494382198778,0.17587618042272932
118,119,0.28455316166110367,0.37657123072436016,0.02618465060985307,0.1831858263694298,0.05205498174827746,0.17066403720561407,0.31622776601683794,0.08137884587374196,0.09738732793219904,0.09685361091413963,0.16415851313735919,0.0,0.45449018582750017,0.16450488038516148,0.04492170792135011,0.6475662940440206,0.12833620028925308,0.18760771041679275,0.30634782821590323,0.09254896267972662,0.3649107694106044,0.06537204504489534,0.16678283424890364,0.16104533828271325,0.2624861788260222,0.17142352219405327,0.21586189256796579,0.19284730397674416,0.15674606964574317,0.0,0.3179391615972861,0.3179391615972861,0.19098209970211477,0.12798367725852133,0.16592975288656475,0.08966163947742117,0.15247314911543958
119,120,0.11190897893057865,0.4615348890344513,0.03703068801040547,0.16384638409477778,0.04381079543571619,0.13934660286570613,0.31622776601683794,0.14095229571463794,0.08256412428222831,0.04390358820783101,0.05552306432768547,0.0,0.06924753064736011,0.0,0.024604632753605013,0.060697697860577327,0.01766540614315806,0.0407457909656238,0.15796246527824837,0.08448525756024138,0.09970799874659325,0.11322770343213064,0.11745838883410066,0.14095439221953496,0.08836601531433182,0.06235255935535652,0.22706388035258104,0.17880274586661818,0.1514310899279777,0.23708794110783185,0.3235459454605842,0.23591038606898185,0.11322290136764084,0.09037640695307368,0.19538119593156617,0.062110027384118804,0.11601301251987903
120,121,0.11865869805904189,0.31651093963799853,0.02618465060985307,0.16384638409477778,0.03975764902766078,0.17066403720561407,0.25819888973996535,0.16275769174748392,0.09889729903368925,0.07519357354398827,0.12155751916818368,0.17677669528703,0.02110586748204827,0.07179581586346322,0.0,0.02294157338328355,0.014423743715630164,0.07730970270839582,0.33642961466333493,0.07068543782550454,0.1153113894360404,0.1461763365485643,0.10911359212367044,0.14293609023604054,0.11147588578838635,0.0,0.30604474115832275,0.2445175678714894,0.2630304177998074,0.5435573064892253,0.4672025131410029,0.43847265795747276,0.09084558606420445,0.1867757407252288,0.2593155619695805,0.10115197131541924,0.0
121,122,0.058544527361277084,0.35405304112193203,0.02618465060985307,0.2006700186484476,0.0,0.09853292782164962,0.28867513460124894,0.11508706752491564,0.17891194562011295,0.13171076463056242,0.2516027078671178,0.3061862178534438,0.05319742660148094,0.13431767238040887,0.02246085395880017,0.04442616582557054,0.0,0.09980639702031192,0.283355345776891,0.11334886739460674,0.0,0.0,0.07173923339031185,0.04185785758519716,0.05849095169398016,0.11318832134665298,0.19975354270501247,0.16594640707959055,0.1622699737896965,0.13640996037412942,0.36124556064480956,0.28678713789217997,0.07562076482197268,0.13645837221576637,0.22826569748464898,0.06922563475698712,0.0873115513028564
122,123,0.01854173473473611,0.27387550130214505,0.015117715075605954,0.1831858263694298,0.0,0.197065855624096,0.12909944485918906,0.11508706752491564,0.186217457054781,0.1862671496610696,0.24830669231159674,0.17677669528703,0.04313282671917162,0.07179581586346322,0.030134397771861433,0.030348848927524125,0.0,0.17286975057627266,0.18339480687085843,0.14010294981777577,0.1153113894360404,0.06537204504489534,0.10082877365703632,0.11083237487347859,0.1003939169513662,0.08126673165933035,0.14294101085675645,0.19102623104027622,0.11083620879024017,0.0,0.40159952779600755,0.1573538118840905,0.13024153469158334,0.14696117655159138,0.2024674489275965,0.03903786001317078,0.06212934447270633
123,124,0.01699069165036077,0.31468337075459624,0.015117715075605954,0.245769576155358,0.03360134623206104,0.2413553960098466,0.25819888973996535,0.11508706752491564,0.10612538021129915,0.26945026226140134,0.17344734073174045,0.3952847075854922,0.055132506952994924,0.11351915231163444,0.0317644442963196,0.064888568445772,0.0,0.31771267595663033,0.32001182520979893,0.18701608979378082,0.206254615042058,0.11322770343213064,0.12118110447393837,0.13625458447243044,0.15163303926656777,0.13705042662604341,0.18420174681548493,0.15907870279369232,0.24156191666976692,0.3438916334037907,0.38720056905747763,0.199380666520847,0.2750748700128456,0.16832839789019358,0.15722459603818068,0.05287955007527609,0.10882716541359401
124,125,0.057663768734775134,0.25098382603870983,0.015117715075605954,0.3570949152940799,0.031877035964832656,0.22032632461411292,0.28867513460124894,0.18196863130416527,0.059637315218227745,0.16950803383590987,0.6926392445235693,0.17677669528703,0.5353377291645833,0.17948953964695288,0.08523294804977663,0.3785359608024353,0.25956060172527495,0.448203700657935,0.5731230607486829,0.17417082037421613,0.34883216317688776,0.09245003270255589,0.3740142081281031,0.43886391819451404,0.3694751325876498,0.20934798470020452,0.17665801341145335,0.19840600117704305,0.3568818832645436,0.12243168632628693,0.6672553349668541,0.31845474965794596,0.37650924400930663,0.3295406550346488,0.2776621191067521,0.1127959352535704,0.1650002667423761
125,126,0.0,0.06600400139336489,0.05126666611797646,0.2167483927510178,0.06103987669316456,0.13934660286570613,0.34156502554286555,0.21530818814732916,0.0,0.04534343092197612,0.03717458287336492,0.0,0.057687352344389715,0.05076730825235768,0.010044799258591437,0.5368034041284131,0.022032632461760647,0.06570061378726737,0.30634782821590323,0.0801497527818007,0.14410626923392708,0.0,0.48876339293776244,0.3812027424874803,0.25882623885708333,0.23225073637809573,0.12355813441766611,0.11896768807111177,0.33632338159008185,0.3317572803651516,0.5886947984935536,0.4157800660927883,0.13009211158856937,0.096159625151126,0.45498490591185536,0.12291014061696905,0.2985350759123419
126,127,0.04602051592279273,0.3916342145723504,0.6851511256222889,0.6755559480174864,0.09680453960928469,0.5396870722494586,0.38729833459195867,0.3044917598246652,0.034431619989002606,0.0698789201328527,0.05967560511142487,0.3061862178534438,0.03691309140806648,0.1523019247607516,0.030134397771861433,0.7914011557361945,0.1656115468943258,0.12884950451648275,0.3831889841498869,0.15692440113914805,0.21745023771680147,0.3268602252244768,0.30370002248711875,0.10441561556211754,0.15061839315143025,0.08291767627100559,0.13982630391539,0.07375253155297302,0.11844990818773976,0.0,0.3272963962974162,0.40809641239294403,0.13006816308555877,0.08796593502907951,0.4151689710986496,0.07068558230950149,0.22018528019564942
127,128,0.02617188295614634,0.24031742113754714,0.1465716857267888,0.2006700186484476,0.03360134623206104,0.26069362295264586,0.25819888973996535,0.08137884587374196,0.07304049593591809,0.14293972717773304,0.05922859054534505,0.0,0.035093580091114525,0.18995387394676033,0.02246085395880017,0.5969219290390534,0.49735778988158386,0.6047696683642109,0.40122831730838115,0.6923153180565209,0.5045583887289345,0.3580574370755972,0.30723376471173963,0.0830962884742396,0.288432381512026,0.0,0.178922952208804,0.20370641312325385,0.12325597728439396,0.0,0.0,0.3625586342357081,0.28066048724617043,0.25149005308950617,0.248708761804583,0.047787043918838604,0.12140178546918845
128,129,0.04908356023380697,0.30694245002728493,0.21618861143311183,0.23171377853262612,0.0,0.197065855624096,0.31622776601683794,0.08137884587374196,0.16955606458223127,0.10265055762755884,0.2689604933691355,0.0,0.03471823689177936,0.1865310012537982,0.037584197343673686,0.31414043117378987,0.07878234205881832,0.2518340409390802,0.4609232613714875,0.1700233011278429,0.27863010080923106,0.2614881801753182,0.18407532731221837,0.09312333138994613,0.31223721209311583,0.2166083562894746,0.15836003374397023,0.25678589374571115,0.1687751977490951,0.5807444799023344,0.37433686953411044,0.6145324863111985,0.45545300896837415,0.3823781176588235,0.24326968921592432,0.08387078391669738,0.0
129,130,0.15093834851205473,0.38913982594660823,0.15564640299296406,0.2837902618886003,0.03975764902766078,0.09853292782164962,0.3651483716599344,0.14095229571463794,0.13223714573303894,0.05890284461964405,0.06760964502996498,0.0,0.056540372012824566,0.16837611308605638,0.024604632753605013,0.31995065400169004,0.05428899909850866,0.247846970590337,0.359549774901468,0.08234604306220213,0.2491921817381404,0.4029803499106671,0.11737867497054333,0.0461725224835506,0.19446107194535328,0.19037773219947077,0.2712590129253851,0.2932674091631254,0.4074210167296624,0.0,0.5690372615773374,0.5222329679113817,0.22991825804918953,0.2868228965759244,0.27831287395679327,0.10727058925556657,0.1614085369704064
130,131,0.1255263953056063,0.5132727424147214,0.03854276208727207,0.317287158498343,0.0,0.22032632461411292,0.31622776601683794,0.14095229571463794,0.08433989998680338,0.0809542166656559,0.2058204819670531,0.12500000002037923,0.07018716018222905,0.05076730825235768,0.030134397771861433,0.09665456669217118,0.049617119325607556,0.1351385004320457,0.1532296262743524,0.11015529885395252,0.3062029946383569,0.11322770343213064,0.09155144068267375,0.09102742327600764,0.10070715926781895,0.054643045245360684,0.15432406043053631,0.17872975025026674,0.0,0.0,0.3530783354606793,0.28083671049504483,0.1496381295006715,0.15118788613759676,0.28213206364679083,0.058560371364210814,0.06575151783620418
131,132,0.09025589394821978,0.5131337908184845,0.047806412656379436,0.2837902618886003,0.03831142922301853,0.197065855624096,0.31622776601683794,0.1993366482819293,0.08778375110779071,0.0920929435596059,0.14230557615965533,0.3061862178534438,0.09041823876671731,0.10769372378609082,0.03331483023367104,0.11355499476975704,0.02355387485832632,0.048211070038021435,0.11657739576324341,0.0377829557971756,0.1827601045038696,0.13074409009831697,0.11606263443531363,0.09392557063886464,0.11556207679878,0.04618180217781546,0.15142115432354142,0.15722220533751188,0.123421978649254,0.0,0.26961186980997287,0.2843734312051457,0.11095586253178673,0.16607680788320361,0.17801982038268024,0.05495404044135756,0.09733797586284051
132,133,0.07586370199799235,0.6199800195873543,0.02618465060985307,0.14189513094886977,0.01062567865412296,0.09853292782164962,0.223606797749979,0.16275769174748392,0.07699144287085037,0.0656599653172979,0.07217261945167129,0.0,0.0558408765613087,0.14801086614974418,0.03331483023367104,0.064888568445772,0.008327552317770937,0.06043577466391052,0.12086059948427352,0.10518329741241601,0.04583694719384345,0.06537204504489534,0.1888347866751273,0.18226940743561282,0.11278215412999772,0.0,0.18533720163872067,0.17090940416555334,0.1532403666522252,0.0,0.3444508256930976,0.2570030296094134,0.12547312942474276,0.1606846525501609,0.21866055447738725,0.06831969864728964,0.0
133,134,0.041193867325661715,0.5533451222178016,0.03023543015318367,0.0819231920553037,0.015026978862078983,0.17066403720561407,0.25819888973996535,0.0,0.06667654540017474,0.07616987871452673,0.04610939520509309,0.2795084971844357,0.02110586748204827,0.12943174770918306,0.036217038774408176,0.028097574338649865,0.0,0.07730970270839582,0.23198325981294446,0.1700233011278429,0.1153113894360404,0.0,0.1278925045783491,0.06718386510250193,0.0709605890148227,0.09897470801471418,0.21235170916880292,0.1456550555170971,0.2106734592762689,0.18658607655061155,0.2864785986140968,0.13437037338863603,0.06591200194300136,0.1396692461226955,0.17267714439664672,0.047009967018516334,0.08444809490589518
134,135,0.037784542285971015,0.5074164126586898,0.04407533468156534,0.16384638409477778,0.04508093658536587,0.13934660286570613,0.25819888973996535,0.11508706752491564,0.12414497137262183,0.14703879104750794,0.13502260734708527,0.5728219618917155,0.03655643481745055,0.17948953964695288,0.06026879556049232,0.08271701918258034,0.0,0.10625202339903457,0.39342448112733575,0.2411902439387162,0.22832114183507882,0.0,0.06020089833862744,0.0378564629542908,0.09867990928564917,0.11122232363175184,0.12719784002880882,0.14673479642612067,0.1775686926783297,0.3032839133118277,0.21535573330827767,0.0,0.13129315151866666,0.1011582193871091,0.14046708073013325,0.05976792874592006,0.0959765385234422
135,136,0.041428917902618045,0.6090657377277725,0.021379677692014144,0.23171377853262612,0.0,0.26069362295264586,0.28867513460124894,0.16275769174748392,0.29012598696469255,0.34413244475861543,0.650779843129148,0.819679815522211,0.14102614492691715,0.31295070590535895,0.18164152451038948,0.18708286932075838,0.11508906279324216,0.16196131576908473,0.04853341682106768,0.24413169707073218,0.3649107694106044,0.09245003270255589,0.11986308348760269,0.1402926308630131,0.20772687768914874,0.17919978312538615,0.1403299963481609,0.12173786643949597,0.18042827582456128,0.48181205584335196,0.4249595402409264,0.199380666520847,0.18620289300819146,0.09650244130412627,0.16016089496187916,0.05016594596288931,0.0
136,137,0.19070627980869212,0.7386472274771892,0.015117715075605954,0.2006700186484476,0.07735610825222802,0.2413553960098466,0.40824829041835314,0.11508706752491564,0.1333530908003495,0.08403074910542752,0.5465957149716918,0.17677669528703,0.6410520856805577,0.08793155726296574,0.12384060240300948,0.771788762907061,0.03770459674742749,0.10145620132163687,0.33771374028388756,0.21121314388682952,0.5230384963466189,0.0,0.3770131009395016,0.4953302939732357,0.4226787363635661,0.24085221589827516,0.30266499470572195,0.06648213293080421,0.24250336292340385,0.3721104947702257,0.4663533711580279,0.6317161658456117,0.38198519019614213,0.2755758238552849,0.44194378587233024,0.09468912350690181,0.20493047029209452
137,138,0.13659962782682183,0.6889824241528827,0.18046525025655547,0.2006700186484476,0.06886226810539985,0.4406526492625775,0.6454972243391198,0.31517891480258275,0.045548751863990704,0.03206264749009716,0.05740573408817351,0.0,0.059034320229272796,0.05076730825235768,0.03479620533251655,0.04291975375571678,0.062317695288398624,0.4559160877587335,0.25790589348586274,0.1451081951363027,0.32370802938764276,0.09245003270255589,0.4010329886221033,0.26312744054182924,0.25852651958430223,0.18551272838690028,0.2824986833562033,0.15398757416764525,0.20853708236033935,0.0,0.43889632588894717,0.507092552881906,0.35221105013533677,0.1701625623416627,0.43169796429443225,0.09949227973048971,0.32500023619211793
138,139,0.2478757113052479,0.2047884895707393,0.6532182576596226,0.4013400372645831,0.061957821083543134,0.32679675110274226,0.48304589155503314,0.29341560154763285,0.024346831981462022,0.058409925114093195,0.016302133009776544,0.41457809876370216,0.35056226614274494,0.05076730825235768,0.010044799258591437,0.34716900170821974,0.2520374672210932,0.15885633797831517,0.1344567914142155,0.15230796407329575,0.41042197451787377,0.7308816827428214,0.17574875922024882,0.11007410570610053,0.13968605915391563,0.13660761311340172,0.15866624099170987,0.13382810189067437,0.16717539673596235,0.23492270908586452,0.34991164965098737,0.47434164905877924,0.17268090000998568,0.08243970541714546,0.2557483227869767,0.04138479399956479,0.23704456390380457
139,140,0.041365522423552875,0.34146968894200175,0.3354974883867771,0.23171377853262612,0.04381079543571619,0.22032632461411292,0.25819888973996535,0.14095229571463794,0.08074930652399417,0.12862577532577593,0.2082593504521068,0.0,0.2720745831219991,0.13431767238040887,0.06272975126233754,0.0760885910131969,0.25801977153439587,0.6275380952692113,0.5866656494668689,0.37593566355656416,0.4659570556308671,0.5229763603293208,0.14719666118135158,0.03927879446239251,0.24904537683804537,0.1860105656818398,0.2350489722772635,0.16303086161357688,0.23449955371327452,0.26646384209129864,0.532642833078796,0.647522854656945,0.3833837143823157,0.26176844228329776,0.4790407594699017,0.11210884702504015,0.16180247559242078
140,141,0.1297820327585502,0.37757640239815554,0.2219268215318408,0.2953782695875202,0.060107915448969235,0.26069362295264586,0.34156502554286555,0.14095229571463794,0.09429487479711253,0.06978691361367159,0.12372449048926543,0.17677669528703,0.1483605345044745,0.13903199955809817,0.024604632753605013,0.0,0.1908081942575987,0.3528689007352069,0.4936578558614246,0.09060034523154509,0.43186117605059315,0.5390716933282556,0.13185949217991982,0.0442068246573984,0.16296450672878246,0.1723048828805986,0.2576130974621115,0.21715176606152026,0.3011364554279789,0.4952605565389763,0.45624481569570713,0.17833148949593214,0.34673702901091774,0.16693145759076047,0.4030271762163147,0.044242205762454134,0.11082416070479569
141,142,0.14721503110257403,0.3239169919050948,0.09970817892955397,0.5434169793704249,0.03360134623206104,0.3115884764413859,0.4472135955498116,0.0,0.07699144287085037,0.0938209168045001,0.06143114421269153,0.0,0.04691572039141397,0.07179581586346322,0.028410982683258874,0.06786208924576088,0.02427877848293803,0.2745431923688391,0.2595060447653475,0.08448525756024138,0.23889404266747608,0.18490006541716975,0.06502440198937612,0.0,0.14724203476396644,0.071998533858918,0.2491115565105977,0.16975534426809705,0.07249211522187705,0.0,0.13940813813281708,0.5929503404148653,0.2870210667923367,0.2132201008678445,0.330858575246897,0.1511159014300285,0.27458659865271273
142,143,0.28731583387148757,0.2976553712390886,0.021379677692014144,0.11585688926631306,0.0,0.2955987834393446,0.0,0.23017413506484177,0.10888234269462994,0.05495260919618409,0.3796682432235699,0.0,0.5626860314649569,0.05076730825235768,0.02657604080716509,0.5676590895883007,0.11937772078292759,0.10933243007324538,0.21948849061899292,0.08234604306220213,0.27863010080923106,0.13074409009831697,0.033879552110837576,0.0,0.07055854277591483,0.09925078863319879,0.12157534596714048,0.16362092843697848,0.1854644507469377,0.0,0.30216363293074916,0.4664633472120168,0.271550386608635,0.20536981859131795,0.2592352204183145,0.1567222741861733,0.2509875424698755
143,144,0.3027578119641812,0.21747550832953755,0.03703068801040547,0.245769576155358,0.0,0.2955987834393446,0.223606797749979,0.16275769174748392,0.06667654540017474,0.04947683118393591,0.16799899769398877,0.0,0.08792042005315355,0.05076730825235768,0.0317644442963196,0.29890149756906087,0.019529841316544134,0.06570061378726737,0.20255058000005152,0.11176349047261305,0.1153113894360404,0.11322770343213064,0.06851948049900454,0.0,0.03764771885978198,0.10297186277345172,0.18090990399384185,0.12680070658598575,0.19514728296120643,0.2807863428911257,0.0,0.4368211543355318,0.1075563965131396,0.12081611900414453,0.09627112307258391,0.1406536392135488,0.15247314911543958
144,145,0.06732260068948051,0.4494177540817057,0.04535314522813237,0.11585688926631306,0.0,0.27869320567709743,0.0,0.18196863130416527,0.1333530908003495,0.037596786771994135,0.15135545058284114,0.3061862178534438,0.06434388652268919,0.08793155726296574,0.037584197343673686,0.40180513731359324,0.008327552317770937,0.07057378014704137,0.21209086761707702,0.10686633703635134,0.15751828736876292,0.11322770343213064,0.1057674664878577,0.0,0.13679937563669672,0.0,0.24581942721274502,0.18973253307761087,0.281203497418232,0.2945030992537458,0.5808900202236194,0.14996819451849266,0.1282254991282788,0.13040606651628295,0.25222600383171245,0.06444800244758091,0.0
145,146,0.0424921724021905,0.4266080344060084,0.03854276208727207,0.0819231920553037,0.03360134623206104,0.2955987834393446,0.223606797749979,0.08137884587374196,0.06441566263042156,0.06311538469579996,0.16171190062352395,0.3061862178534438,0.04774615159422398,0.11351915231163444,0.05592707533985137,0.35392535635857025,0.014423743715630164,0.09291469906176095,0.2618913444603745,0.13491213732367335,0.13006944328412365,0.09245003270255589,0.08913456912656419,0.056044643212388535,0.13962147439772418,0.08256449951594728,0.22347100988787647,0.21725826721004057,0.2629115071210592,0.0,0.2261175267370623,0.2261175267370623,0.04844413005040025,0.054519585740940256,0.3561473195111668,0.06870180144238176,0.09934916947223017
146,147,0.015196936605557466,0.24726142116419197,0.04407533468156534,0.11585688926631306,0.0,0.17066403720561407,0.0,0.0,0.048693663962924044,0.10265055762755884,0.2893341586137327,0.35355339059327373,0.029848204042324186,0.1523019247607516,0.06509773935058773,0.15559732103174792,0.01177693742916316,0.12624621588313453,0.2697176341259621,0.11176349047261305,0.13006944328412365,0.09245003270255589,0.09821303874691878,0.059796249436463174,0.11596362841095709,0.15258825190643022,0.19056444598727248,0.15452264553686204,0.18464724628405685,0.1933507571435237,0.2785430072616408,0.2785430072616408,0.11253559006019187,0.11389524301604606,0.3360308591062426,0.08103069302641369,0.13685000610509804
147,148,0.016280787305917612,0.39572504660856656,0.0,0.11585688926631306,0.0,0.22032632461411292,0.12909944485918906,0.14095229571463794,0.1366462555987616,0.479065740223484,0.4544173887076757,0.0,0.24302765822714278,0.17948953964695288,0.25212246041398306,0.2984609645757488,0.04484524166707154,0.17946659282026203,0.27508720384324864,0.16684501521289138,0.1703821757277434,0.0,0.16046930033505336,0.15711424264199594,0.2571813502198852,0.3061919894325644,0.23490360027324178,0.13617382552582286,0.3082910691133731,0.4400479328802664,0.672249570532807,0.0,0.368103159454488,0.17087912096211583,0.30163047355632505,0.0562179505384284,0.0
148,149,0.018256460264441457,0.29377984764522647,0.015117715075605954,0.0,0.060107915448969235,0.17066403720561407,0.25819888973996535,0.08137884587374196,0.08945597281869905,0.0855838490565336,0.037882733798752566,0.25000000001358613,0.048019770749102686,0.07179581586346322,0.03331483023367104,0.07163503993275441,0.02761936645935017,0.10307960361430656,0.3583327276274559,0.16029950553456335,0.3805090910422945,0.0,0.18277021164158158,0.17568051783636512,0.3199529483804548,0.3314387159217969,0.23405824610541823,0.099458547829678,0.3648178484310487,0.39363534776047543,0.6723289742151464,0.37500530034240115,0.4135741390202473,0.19334951978673381,0.2437168084485234,0.11119803693000363,0.16479455276339194
149,150,0.06253279635130966,0.3807806293035733,0.2292715008391612,0.0,0.028112903231493687,0.09853292782164962,0.25819888973996535,0.3355335772180009,0.034431619989002606,0.02776706723817118,0.10739629447773248,0.0,0.04158634135262783,0.0,0.0,0.016222142111443,0.0,0.1556894486851391,0.4164524621359745,0.11015529885395252,0.26904325125597917,0.0,0.23836819179477,0.2484475235728986,0.29385807116011736,0.2196064879540988,0.2357976841670149,0.21098344081952486,0.2330724981716738,0.5566844475424676,0.694374889221903,0.7086934035338072,0.3587765936430183,0.2343241431500142,0.4056150934751314,0.1572577719107816,0.3523341923166292
150,151,0.08364592503113687,0.3936335682807405,0.47047436901431705,0.2006700186484476,0.046316259461554946,0.3413280743447064,0.4281744192280888,0.16275769174748392,0.051647429983503905,0.04241489581820962,0.16480480896155886,0.3061862178534438,0.41737290460080445,0.09497693697338017,0.0,0.030348848927524125,0.061477418250216596,0.5598655535833348,0.2431243081258232,0.14137087565924059,0.3956677577122249,0.4576043153776056,0.15316412687634998,0.08529921770764645,0.16645410467267288,0.06283992830856623,0.19327023425087667,0.12073639122340322,0.06327072343452766,0.33791374653856915,0.4035180976693478,0.6203270538712921,0.2523085606334713,0.19238503247716685,0.3791562634644363,0.0853674872817016,0.25076644977174
151,152,0.09287836630514913,0.5692188009276614,0.3422418310107563,0.2953782695875202,0.07437975056935756,0.6153379370102358,0.4472135955498116,0.11508706752491564,0.11802564699367353,0.12774862878199283,0.19952638721462396,0.25000000001358613,0.08519588737640738,0.11351915231163444,0.036217038774408176,0.05380275867636133,0.2930659584846645,0.28294130736698636,0.36076329958518466,0.17417082037421613,0.41765717398896546,0.22645540683964802,0.2003738052673665,0.17649543603125284,0.24970251584361394,0.1476755878944165,0.23924016824329716,0.17376309447946217,0.19948584296743493,0.5327163865725808,0.5194372955481097,0.38362723817380057,0.30030202975964554,0.1688995647688095,0.32789401294728043,0.12286906241436141,0.1863738031091935
152,153,0.05045457855480891,0.5233297375353251,0.2342026348846682,0.3377779740087432,0.04381079543571619,0.26069362295264586,0.31622776601683794,0.08137884587374196,0.08607904997250651,0.08853587916965876,0.05967560511142487,0.0,0.09270767041913268,0.0,0.036217038774408176,0.059603956060518375,0.06423561000357081,0.36625910787768495,0.3299455150391202,0.13882344402378122,0.41042197451787377,0.3268602252244768,0.12243657259870674,0.13821693210887834,0.22837143797625006,0.13526829045497313,0.3642972482494767,0.2720823276323462,0.2619742911027844,0.5143410441000718,0.3765204460807641,0.27878536365775003,0.3340630193951839,0.1694702567402048,0.32649376982476297,0.10742173241991247,0.22038103277500126
153,154,0.1509818102771573,0.43036655241370797,0.07927796668457408,0.14189513094886977,0.04250271461926359,0.13934660286570613,0.34156502554286555,0.0,0.0,0.05194742612396079,0.12627577932551529,0.0,0.23524787175625586,0.05076730825235768,0.036217038774408176,0.16463676123337817,0.24350081950616978,0.16399864511867046,0.35281158487615966,0.13224034529297454,0.4030934060060456,0.24459979523530903,0.10811620286756479,0.05878842877568515,0.16071872471674317,0.2371752951628879,0.06328779628142461,0.15285345950406232,0.09749019606866458,0.4509319490096847,0.58989727803725,0.49246621024407217,0.29237716717836065,0.16976599873698445,0.04419510441848514,0.10504146947082356,0.18421495886201406
154,155,0.20951915998302162,0.6390540368828953,0.0414015678242265,0.0,0.0,0.2413553960098466,0.28867513460124894,0.18196863130416527,0.059637315218227745,0.06311538469579996,0.31669804338268454,0.0,0.21297433959422382,0.07179581586346322,0.02657604080716509,0.14509525000739407,0.04445696386839941,0.13877516342278312,0.2673894087721854,0.07316637928448794,0.2971978406825816,0.17295817390384113,0.1696732507526451,0.1561843627990539,0.10708588356743615,0.09393807022613934,0.11603540501598937,0.17476247767833353,0.17693610500883974,0.0,0.4265507490396448,0.49810908296252593,0.26219230802775756,0.1670164493819471,0.14111480500124052,0.12357573305121809,0.07991643879628044
155,156,0.10771469926484491,0.5976816271715896,0.04535314522813237,0.0,0.02375973977768741,0.3413280743447064,0.25819888973996535,0.14095229571463794,0.024346831981462022,0.035847129663884494,0.22996988632721815,0.0,0.07523252219022812,0.05076730825235768,0.030134397771861433,0.15260889122535143,0.018620973067608595,0.07288828671769751,0.19163838801026128,0.12243076967852976,0.21745023771680147,0.09245003270255589,0.08590996925448961,0.07590197220667472,0.07788171300336802,0.05774590902407314,0.14085957185925818,0.09608699117843529,0.15654391102414325,0.15521676191918676,0.2561746312957687,0.20915444785896056,0.0855576902219034,0.08088339909648505,0.09310761702817548,0.09303027705845307,0.09190910156309387
156,157,0.04876169735080069,0.5718551083959428,0.0414015678242265,0.14189513094886977,0.028112903231493687,0.2955987834393446,0.18257418584523172,0.11508706752491564,0.07504197599310763,0.037596786771994135,0.13736421438760094,0.2795084971844357,0.06713406887097896,0.14801086614974418,0.04920926550036392,0.1038723913320144,0.01177693742916316,0.11232839383178023,0.2337247999700868,0.14633275857692826,0.13006944328412365,0.0,0.07983801009317341,0.0648115537763672,0.08020230724120554,0.09547983881559988,0.2316429088303251,0.16985780713928988,0.15416684049491292,0.2376620047797195,0.36309427957922613,0.270649004047639,0.09462101917190631,0.1337487095733892,0.22767632672681662,0.08839526772934087,0.08685154967762555
157,158,0.009446135569378974,0.34979611086241236,0.02618465060985307,0.0,0.0,0.197065855624096,0.0,0.0,0.06667654540017474,0.062089049880358106,0.16220417543858637,0.25000000001358613,0.0651532754034342,0.14801086614974418,0.04378426487365932,0.02294157338328355,0.01766540614315806,0.0631231079369934,0.1421754983022778,0.16360499778321166,0.206254615042058,0.0,0.13760677682142372,0.09797794442037053,0.16780512375683418,0.14434028804524582,0.2807844101050072,0.2667405110399717,0.2833016280853581,0.0,0.43296169622849295,0.46766467407071627,0.17259125810419942,0.2109821942091635,0.3831667979261908,0.12009402579502759,0.205498397596881
158,159,0.0,0.26860078952102756,0.015117715075605954,0.0,0.0,0.0,0.18257418584523172,0.0,0.10888234269462994,0.152086490857824,0.1239391038225412,0.25000000001358613,0.03761626109511406,0.11905989135298344,0.04920926550036392,0.04588314676949281,0.008327552317770937,0.15780776983790962,0.365582774088,0.13753203508130618,0.08309487102438147,0.0,0.06213458131283404,0.041579489497678715,0.022073823549539007,0.04999528724302689,0.12198973598726551,0.0832098548869843,0.10680992024309388,0.0,0.18113306516036765,0.08383476935156524,0.06287149833504506,0.03502463921526617,0.1496582299423566,0.04494450688783452,0.07960847449547032
159,160,0.023587539813865462,0.25686014231892706,0.015117715075605954,0.2953782695875202,0.0,0.09853292782164962,0.18257418584523172,0.0,0.2434683198146202,1.0,0.6253732806843036,0.8291561976093318,0.16946656373180802,0.27806399915649316,0.15233692326684872,0.08429272303187513,0.13632790690226462,0.22686296288135757,0.30808358927197854,0.22982474783178436,0.8134896488759923,0.06537204504489534,0.024837077247026426,0.04394601515791002,0.06815370135109673,0.10073054657909776,0.043409808600959776,0.049429361484912344,0.059802030236331766,0.05634049016652464,0.1701448879513121,0.07040873039291136,0.04972001108728238,0.02499932688858699,0.061001673428767424,0.026696703312859494,0.04728684263478569
160,161,0.0,0.07203805945191669,0.0,0.11585688926631306,0.036808430588748955,0.09853292782164962,0.12909944485918906,0.08137884587374196,0.062072485673855635,0.21267954303592604,0.056472245300405684,0.3061862178534438,0.047194154411146064,0.08027016238014605,0.024604632753605013,0.02294157338328355,0.025667240059465732,0.08149158194541921,0.30179584876862675,0.09632801444611004,0.33222597060189196,0.0,0.29864233621821384,0.2728270947009484,0.2407992167018565,0.2631215389174679,0.21668441365127403,0.2148297898408673,0.22514298443292047,0.28883848940151075,0.5094726500265019,0.2941534123095644,0.40445461026683216,0.27395390867775055,0.3128465881841826,0.07882196350173853,0.14925698865132778
161,162,0.023531843065475497,0.03931994596455229,0.0,0.0819231920553037,0.05205498174827746,0.0,0.12909944485918906,0.11508706752491564,0.06441566263042156,0.09416270634436257,0.1413687287374372,0.0,0.03830652529597682,0.13903199955809817,0.014205491341629437,0.0,0.06259528105088737,0.10546786489812335,0.3351413129075036,0.08234604306220213,0.4725548620390518,0.0,0.27649927199924806,0.23823116222496682,0.19502822609408357,0.16747632885532476,0.22496825304204998,0.25769643343212506,0.38030968046094926,0.0,0.3703514779180246,0.4329597056610949,0.24780207217583972,0.18591170880808172,0.42119496492607295,0.09033457157414385,0.23015504340853937
162,163,0.0813071614725397,0.05872536480778127,0.5086386634236388,0.36637165270346345,0.031877035964832656,0.197065855624096,0.4472135955498116,0.34526120258475396,0.04216994999523506,0.06104546211465987,0.15585384827634147,0.25000000001358613,0.6827578785988613,0.11905989135298344,0.017398102666742372,0.3272694045011972,0.3179773105392976,0.6404999873965146,0.1715806598261128,0.09816299865095941,0.206254615042058,0.13074409009831697,0.2061586134063305,0.16736433699604492,0.12570137618656513,0.02981022512920125,0.06081219898831057,0.040502651746009685,0.03676021176374498,0.08015035287102915,0.18211278965693511,0.37224505454188744,0.1385443935093152,0.10428734016196706,0.2828905187941363,0.04317597183141477,0.1649116283746423
163,164,0.25183037691984317,0.2602957953792111,0.3895562671034214,0.2837902618886003,0.05205498174827746,0.17066403720561407,0.4281744192280888,0.16275769174748392,0.0,0.09914826167878557,0.060119296028155814,0.17677669528703,0.07695431308562742,0.08793155726296574,0.02246085395880017,0.29669229135095826,0.38921842803801093,0.4469053631720327,0.371826661221478,0.23059987566695764,0.22832114183507882,0.4385290095948519,0.24131612374934033,0.20096690227571726,0.20556762806067078,0.0,0.06231396089094856,0.0,0.0,0.0,0.0,0.6491364201247302,0.18854463396411356,0.18075281391637865,0.27647567364734377,0.07555795070853785,0.0
164,165,0.12951888556911592,0.3043741769188473,0.18515344006007703,0.5050084722376802,0.07127921933857141,0.09853292782164962,0.31622776601683794,0.16275769174748392,0.0,0.07561960287103404,0.05406805848166574,0.3061862178534438,0.0125387536967225,0.12435400085088318,0.024604632753605013,0.0617720768018403,0.4606574328550319,0.2878279905090805,0.15263060469333625,0.17519235888445742,0.5045583887289345,0.2614881801753182,0.14763324946732684,0.14122076297277097,0.24743626678598798,0.0,0.15797972256755602,0.1332926182293176,0.04924869433807816,0.0,0.2678780133934335,0.3679169340371383,0.33080508356601823,0.19428174245792104,0.34593795623315177,0.11312915882710849,0.13160836450045604
165,166,0.14108878979987102,0.7241825066494774,0.05013978859209526,0.245769576155358,0.03360134623206104,0.0,0.25819888973996535,0.0,0.034431619989002606,0.05610963310984806,0.06271555790742818,0.0,0.10237849522468807,0.05076730825235768,0.028410982683258874,0.03804429550659845,0.04523018642411202,0.2589842989073865,0.29896591904110664,0.1017337219436712,0.27863010080923106,0.2695358466951467,0.08490898290490788,0.04548844729406808,0.17916145086511226,0.1626211533527277,0.29590287820974875,0.18051177153075568,0.2992215405723805,0.0,0.44530391047606066,0.31487741478650977,0.2718980294911313,0.22575537357046818,0.2916198419398913,0.09567442809893574,0.16014897625624205
166,167,0.14486993450603794,0.6475656779755681,0.03023543015318367,0.2717084896374843,0.02375973977768741,0.09853292782164962,0.25819888973996535,0.16275769174748392,0.024346831981462022,0.06156946711520331,0.24507479716023686,0.0,0.24645376782439057,0.11351915231163444,0.030134397771861433,0.14912022699691319,0.02824010388433009,0.15300030943287643,0.11729846018210734,0.09816299865095941,0.33222597060189196,0.18490006541716975,0.07448852852868057,0.08429910699612297,0.16974188233037651,0.08330833886425962,0.1330750498160007,0.14824290179168198,0.16110290857285392,0.22399001448008618,0.2767926995609954,0.4077233808590267,0.1748435401975418,0.1965346714315883,0.15230981395815207,0.10311204102813806,0.1645485197890739
167,168,0.1054244691953194,0.6297569991929458,0.021379677692014144,0.25906388008617054,0.0,0.26069362295264586,0.18257418584523172,0.14095229571463794,0.06441566263042156,0.04604647178485826,0.22482763321555557,0.25000000001358613,0.08190279619532888,0.05076730825235768,0.02246085395880017,0.11975852897581601,0.0288474874398827,0.06818074910428909,0.133140309030987,0.09254896267972662,0.14410626923392708,0.18490006541716975,0.0716105630794844,0.08435487472081912,0.06330473699758332,0.04685602473622235,0.17396778574821672,0.1236083394043318,0.09462215931932053,0.30917347119633776,0.31502590683173626,0.3520436520323086,0.11906370629748553,0.1051825693375663,0.11375465386513056,0.05969564337450036,0.14953412608388048
168,169,0.0382333465501029,0.5023703969199037,0.04275935538681677,0.16384638409477778,0.02375973977768741,0.2955987834393446,0.12909944485918906,0.11508706752491564,0.0570983822192274,0.04604647178485826,0.16815711445529255,0.0,0.03655643481745055,0.1564753529616306,0.030134397771861433,0.05619514868924388,0.020398253984870187,0.0427345460944913,0.1434334395823169,0.16469208608200891,0.1827601045038696,0.11322770343213064,0.06610088718970267,0.09015183421260296,0.0738042912929605,0.0664524102266971,0.22319719354127135,0.18742754403666323,0.0885466368161517,0.2823419577933315,0.2803033069379725,0.22286190526813004,0.10972124115253688,0.10631415032954426,0.1754625751513806,0.06379799344760818,0.11990478879644596
169,170,0.029294668786161975,0.38866986414472204,0.0,0.0,0.02602749087036685,0.26069362295264586,0.0,0.08137884587374196,0.06667654540017474,0.07476511665288617,0.1250066438056285,0.3061862178534438,0.022312875735595802,0.12435400085088318,0.036217038774408176,0.02294157338328355,0.014423743715630164,0.08833476983716725,0.11144491357947608,0.12951344736809603,0.09970799874659325,0.11322770343213064,0.0588167846210177,0.0675270400850362,0.05697287218322764,0.07216198136650709,0.18432718211590046,0.17742908086518633,0.09464443121421391,0.32444921881769123,0.3058614666363517,0.19262002365818068,0.09511917277868595,0.12956793376625483,0.1944479132546823,0.086997172640637,0.15530767116176203
170,171,0.02179485596156524,0.4832180918688464,0.0,0.14189513094886977,0.0,0.2955987834393446,0.12909944485918906,0.0,0.15684349347198787,0.17041530900793095,0.18443758079782016,0.3307189138959115,0.035093580091114525,0.16837611308605638,0.06886367424457668,0.04588314676949281,0.01177693742916316,0.09812885911652126,0.30808358927197854,0.17822184606059321,0.206254615042058,0.16012815379526935,0.04066415192294175,0.048316959113866124,0.08588966129311262,0.11033415193709635,0.15531825206894215,0.19584158373349578,0.16651372710938767,0.34206231782265556,0.35412355947910173,0.2824237160533191,0.09357058819154829,0.15519772850466546,0.2079963004690588,0.07796432505842961,0.10840148207764422
171,172,0.02530519154308887,0.5053407327808598,0.0,0.2167483927510178,0.0,0.32679675110274226,0.18257418584523172,0.0,0.2727497251312465,0.4034195901346264,0.13985672025035928,0.41457809876370216,0.03726633478138186,0.05076730825235768,0.10144749971268283,0.030348848927524125,0.06477315586023737,0.12624621588313453,0.2658280082861076,0.16791112840744957,0.2491921817381404,0.0,0.06036031086613119,0.069273033041425,0.08226428329421909,0.13311323334954028,0.11552539535228006,0.14543211551110627,0.17499411520246513,0.3004626062835635,0.38524004727508565,0.13972461558720656,0.15089357769316966,0.11073444126465593,0.1792947788949551,0.026789985989767395,0.11652650927700513
172,173,0.03447972685428451,0.4840884907228976,0.0,0.1831858263694298,0.02125135731194159,0.3115884764413859,0.223606797749979,0.08137884587374196,0.36030021072317425,0.2532238803605456,0.3001541009466563,0.5994789404211722,0.07575316868085401,0.1758631145386744,0.14590913727806962,0.0638666373581067,0.12968007149327943,0.26406290581285785,0.729682080279875,0.17417082037421613,0.603367328095818,0.1461763365485643,0.27029770643967727,0.31875542357787096,0.5553363951531791,0.33985082937740635,0.18279705987884695,0.19335413087961117,0.37606318941260974,0.7214503212473574,0.6707255709923551,0.4242640687419118,0.6504620826194766,0.28421636085281127,0.5648581816035968,0.08523947281007696,0.3020441289919594
173,174,0.0,0.6039378158252895,0.0,0.11585688926631306,0.06375407192350586,0.22032632461411292,0.12909944485918906,0.24413653759292184,0.1500839519965179,0.05194742612396079,0.2370265109966326,0.17677669528703,0.10713115856601271,0.0,0.036217038774408176,0.028097574338649865,0.059761430464737725,0.07174036794393253,0.4164524621359745,0.10518329741241601,0.3405982737808435,0.1461763365485643,0.2106399869152193,0.24904754021275738,0.18705071284907204,0.18602287366457781,0.19681811400769525,0.1685437619794995,0.17663493320793497,0.3336476505474362,0.44933583318731063,0.37969673598438675,0.24871638686813075,0.1898875583254226,0.25135399277103515,0.04215082688738897,0.18279311739138196
174,175,0.03795778731042504,0.3398425236400258,0.22676572613408932,0.25906388008617054,0.015026978862078983,0.32679675110274226,0.38729833459195867,0.16275769174748392,0.06441566263042156,0.12825058996329267,0.07290535519047042,0.0,0.05344314350557714,0.06217700042093628,0.02657604080716509,0.14142135621357887,0.6997869697902988,0.07730970270839582,0.24101385430845323,0.13224034529297454,0.22832114183507882,0.1461763365485643,0.26145787446084034,0.35489267711453476,0.17660723455830635,0.05776222834141235,0.15462198360815121,0.09200298802139807,0.08224813446814314,0.1548651946582208,0.28495861704542,0.5699792323195652,0.2238778269325851,0.19440211431079668,0.3795155529915629,0.14276825667020437,0.33321049075192444
175,176,0.03296210104540247,0.3074447592569519,0.41096834848728026,0.2717084896374843,0.028112903231493687,0.27869320567709743,0.12909944485918906,0.11508706752491564,0.19247860717712598,0.2561251701718465,0.12877653258177071,0.0,0.1644442130842966,0.10153461651023321,0.05857074125814546,0.10637569961408119,0.4955418446971648,0.1485964976105339,0.20831550394165843,0.6147717670623689,0.3062029946383569,0.2614881801753182,0.32105926041876454,0.15355185838147564,0.2574220097661227,0.08356626003654492,0.14831660355731122,0.09688284287466688,0.08413914320951413,0.0,0.22866701163220732,0.3258899961830438,0.2777361050625898,0.15731077134070942,0.34490666550045496,0.06803979867782196,0.2280005618466921
176,177,0.054697457742003776,0.6703659936250704,0.053449194230035364,0.317287158498343,0.06550108227693185,0.17066403720561407,0.31622776601683794,0.08137884587374196,0.04216994999523506,0.062089049880358106,0.0774994556130114,0.17677669528703,0.016977552763856964,0.06217700042093628,0.010044799258591437,0.032444284222886,0.10182114256920337,0.33227186987553886,0.2139590201341261,0.15113182319794227,0.33222597060189196,0.4185853260349108,0.1616290463216639,0.10614441920436135,0.24357221924657285,0.21172743017947057,0.25434037061202347,0.23757192241956895,0.15744306229000526,0.3432819451166338,0.4281893694797376,0.4624973789308067,0.4134893735163702,0.23849340234419386,0.3625561669240459,0.10622937229630541,0.242913511431257
177,178,0.09096549794868981,0.5102469968958365,0.08551871078060477,0.2167483927510178,0.01840421529384105,0.17066403720561407,0.31622776601683794,0.11508706752491564,0.0,0.029991860456376963,0.03717458287336492,0.0,0.14915320552822947,0.0,0.014205491341629437,0.04135850959129017,0.15646050314143767,0.05762325019320431,0.2642590828475497,0.04627448133986331,0.25923592791590505,0.2695358466951467,0.0,0.0,0.1961606492499946,0.1332994318297315,0.18772372731586454,0.18482777344057305,0.12258093323565669,0.5068547012359302,0.40809641239294403,0.5959693516208727,0.33417787258034926,0.1934797862714255,0.1989207645900559,0.133288159203701,0.17328082606536807
178,179,0.10958666831796181,0.32102734846307013,0.02618465060985307,0.2717084896374843,0.0,0.35526552353994184,0.25819888973996535,0.14095229571463794,0.024346831981462022,0.06658308818398417,0.2640744279482409,0.17677669528703,0.08762187785434022,0.08793155726296574,0.03331483023367104,0.034412360079557704,0.033826677425237824,0.06570061378726737,0.11657739576324341,0.12096448002227315,0.25923592791590505,0.13074409009831697,0.06033756343148213,0.05373953283720303,0.04036184383426418,0.11175069869391388,0.24705358649023698,0.23410774782371666,0.2516901337429412,0.6014918559908873,0.3062943917707625,0.0,0.26549333472391773,0.2737689278151469,0.21788546216833024,0.0,0.2330530185013098
179,180,0.09698369275388143,0.6998277379426897,0.03023543015318367,0.245769576155358,0.028112903231493687,0.42949507496813577,0.0,0.16275769174748392,0.062072485673855635,0.0408720163026478,0.17512467272467286,0.3952847075854922,0.06099902852974111,0.07179581586346322,0.036217038774408176,0.032444284222886,0.01766540614315806,0.07730970270839582,0.13835374666975672,0.13491213732367335,0.19470331085019985,0.17295817390384113,0.0435749491077379,0.07541801301575672,0.10863383361667776,0.09933056348684373,0.16736879236133229,0.1707470419286572,0.23670869107115985,0.14594825706449574,0.2788329513781324,0.23555536646859385,0.12295476821646213,0.09159770489237123,0.08385303211627872,0.08669072178143258,0.13088220030308875
180,181,0.07212179727875705,0.46450188687270333,0.0282826551397845,0.2006700186484476,0.028112903231493687,0.4062616689541329,0.18257418584523172,0.14095229571463794,0.051647429983503905,0.05256220995258721,0.14118061324180733,0.17677669528703,0.032777111208660656,0.11905989135298344,0.047114284744614814,0.034412360079557704,0.018620973067608595,0.06043577466391052,0.12778197090699542,0.10686633703635134,0.15751828736876292,0.09245003270255589,0.0845721649239882,0.12322288182927639,0.12631113018625598,0.08253336072596788,0.16965107419004802,0.16827554611636167,0.14794945002602827,0.18084358578394275,0.3060583266702506,0.2845186307886687,0.13091386241090594,0.10198581610336613,0.11523466751596435,0.0901775700957061,0.14058038927491212
181,182,0.031951372354466545,0.416910888233885,0.02618465060985307,0.2717084896374843,0.02602749087036685,0.2955987834393446,0.223606797749979,0.11508706752491564,0.10329485997000168,0.05194742612396079,0.21725306544138734,0.0,0.04774615159422398,0.10769372378609082,0.052194307999581656,0.03973597070795067,0.014423743715630164,0.11008906492445687,0.17969900324002344,0.11948019705253775,0.13006944328412365,0.13074409009831697,0.12068877714249547,0.09604180649325918,0.10509941355713523,0.1117928608110668,0.19918818943828,0.2821806590267546,0.26162980403007974,0.4659135882264193,0.16760630296748968,0.3209966810926778,0.17584477290403683,0.284985290255507,0.22334656771443626,0.05886042646963555,0.0
182,183,0.01781998773960837,0.2906473778859419,0.03023543015318367,0.11585688926631306,0.02602749087036685,0.2413553960098466,0.0,0.0,0.19477465588027554,0.14135773686594938,0.35100729776282186,0.17677669528703,0.024549500737018153,0.0,0.07583657132878892,0.0,0.0,0.08833476983716725,0.16316681568584082,0.09632801444611004,0.14410626923392708,0.09245003270255589,0.15342737122146477,0.12713569002126213,0.14514200226425159,0.06959360742723955,0.15961730901456767,0.14755011521839148,0.10793802825338088,0.16158828229478475,0.23818244865860264,0.22851045825931524,0.0725650353761877,0.12316862486069052,0.25150436656738373,0.07186750636841735,0.11082416070479569
183,184,0.0,0.44978761657824134,0.021379677692014144,0.23171377853262612,0.0,0.197065855624096,0.25819888973996535,0.0,0.2108497499761753,0.8520011366214502,0.2824553312243843,0.35355339059327373,0.05813980909825286,0.18304413304258704,0.1600877571880344,0.0,0.060625495984498394,0.12425796223954733,0.19685472452283984,0.19813549176077558,0.61416057088704,0.11322770343213064,0.18599500404997935,0.2939282927522696,0.28141978794741335,0.3187141341871602,0.14647095006724245,0.19913088677499338,0.17797180031530327,0.0,0.0,0.45275950138689725,0.3178652565065365,0.17016903126057556,0.3929467553755258,0.042454847697047556,0.15039727408295797
184,185,0.008572228351580701,0.28314361390419424,0.015117715075605954,0.0,0.03831142922301853,0.13934660286570613,0.223606797749979,0.11508706752491564,0.08607904997250651,0.2664529469717254,0.0206207484159982,0.0,0.025077507395564955,0.09497693697338017,0.10390421146354414,0.0,0.06583508164513899,0.12820363826320574,0.3939863494251383,0.20951662527640239,0.6907436501574004,0.0,0.18817205635847928,0.38978495610615305,0.27904536718318146,0.14319358846842026,0.1813428929626534,0.18115288278985173,0.17484813960273587,0.5295128560489584,0.15567725845557945,0.2696409212575809,0.39516540609659717,0.46084720672558727,0.33697756631652204,0.0,0.2559650140509032
185,186,0.02369854061396684,0.2880534389391191,0.05756654395056346,0.1831858263694298,0.05521264588223438,0.0,0.31622776601683794,0.2699030976609657,0.07889275245369941,0.10783970132189033,0.24755635741967807,0.17677669528703,0.7455200337137591,0.06217700042093628,0.03479620533251655,0.0,0.1736848741451492,0.40521069426503575,0.2689433915528101,0.09445738949447897,0.3062029946383569,0.3755338080689595,0.18176028849389042,0.2829607390034109,0.13961867330028802,0.11587613011448239,0.12279055454853496,0.11863383847544441,0.15530579957836707,0.265694654315225,0.31361421207820794,0.3346722513836781,0.19599392985853908,0.1304372617657137,0.41446780923704757,0.06160676539765881,0.18078187979413549
186,187,0.03874473814969728,0.3462187840726236,0.11903700753637843,0.4013400372645831,0.03005395772285135,0.09853292782164962,0.4654746681575633,0.16275769174748392,0.09270997410536716,0.17815698869662253,0.17019926539981117,0.17677669528703,0.15407878500367533,0.19331615042415332,1.0,0.04999999999328796,0.12560533041653016,0.26873694837496714,0.3823253282530779,0.5194297648830738,0.3150365746976817,0.2773500981157064,0.24997380592058083,0.2351495598194362,0.18798115884584074,0.1591240157895927,0.2415955472202266,0.22787957262019015,0.20905924406123055,0.34932549561188636,0.5335808098176062,0.23725461567297867,0.2730538857205539,0.18308247177397502,0.31250399837387705,0.03894822072076824,0.1276884796138123
187,188,0.04495314471481097,0.5876004896286403,0.32388624064957466,0.2006700186484476,0.028112903231493687,0.197065855624096,0.18257418584523172,0.14095229571463794,0.045548751863990704,0.12050182060205493,0.12856999429990476,0.25000000001358613,0.03830652529597682,0.05076730825235768,0.9179319867669875,0.0,0.3735814593412198,0.16196131576908473,0.4827309836067992,0.4929915671223443,0.37276728630228345,0.25318484176640077,0.16191430012649125,0.0,0.09870650405597207,0.1267930507279683,0.3132074242005178,0.4090339445862693,0.19025985753000216,0.3592569949916007,0.0,0.11544090577548861,0.38494394960102957,0.29793970143028714,0.24692711996120778,0.0,0.0
188,189,0.061878868211801316,0.4623197412338442,0.1457899645064276,0.2167483927510178,0.031877035964832656,0.0,0.28867513460124894,0.0,0.0570983822192274,0.05132527880924405,0.11152374862009476,0.0,0.09228272852736731,0.0,0.06586815361207947,0.0,0.45203347001542976,0.09111035839613162,0.32001182520979893,0.053433168523620296,0.4030934060060456,0.6979824404173037,0.17325530603891837,0.16896433433093552,0.272335219796437,0.17133898056248772,0.19573594438153366,0.28771487199980067,0.24728173446075774,0.3145044411016512,0.4624973789308067,0.48447236628881735,0.4187510544904026,0.24365480544470736,0.23383510974181523,0.04753408253622542,0.1647033334875201
189,190,0.0902849665466118,0.48579068876039266,0.154541207458259,0.2717084896374843,0.028112903231493687,0.27869320567709743,0.28867513460124894,0.21530818814732916,0.0,0.06362234372731443,0.0622903627709268,0.0,0.14711900193104896,0.05076730825235768,0.04492170792135011,0.0,0.026334032658370442,0.1954099487670692,0.27924648532332624,0.07068543782550454,0.33222597060189196,0.2849501380871998,0.19536768744435562,0.2107821725026318,0.18389790236771592,0.19166296949320782,0.1332328526081894,0.18221809355573657,0.2046721970471709,0.2575393768091379,0.33883940734034745,0.5719331443764561,0.49424617781193186,0.3943430023549785,0.20059537361658406,0.09011714420510776,0.1883278857660524
190,191,0.09016861987527194,0.5498829163877935,0.0282826551397845,0.11585688926631306,0.0,0.4515346001212819,0.12909944485918906,0.23017413506484177,0.024346831981462022,0.0641252949743862,0.0834439930045878,0.0,0.10528074028344289,0.07179581586346322,0.036217038774408176,0.016222142111443,0.01557942382243227,0.07622839485808652,0.24813037332597293,0.09254896267972662,0.3805090910422945,0.13074409009831697,0.20979089604700848,0.20182174036390957,0.12655458627684302,0.136939857503803,0.17625049723433217,0.23716345563784075,0.09021413790751462,0.39376885138089474,0.0,0.21261336315873577,0.3037622295784918,0.1499420760368373,0.1552151389283432,0.024802707501388008,0.12461119655572635
191,192,0.03683494174282504,0.49870995394153833,0.035454184524934255,0.0,0.0,0.3413280743447064,0.0,0.1993366482819293,0.0570983822192274,0.0641252949743862,0.08216016269874293,0.5,0.04030645387709321,0.13431767238040887,0.04492170792135011,0.016222142111443,0.019529841316544134,0.07730970270839582,0.1453058806378589,0.1451081951363027,0.25923592791590505,0.16012815379526935,0.11450097656061162,0.04956574486496756,0.07461259090284073,0.0895998915579595,0.17154538204052655,0.22237721319839143,0.24440577818711912,0.2784366250534917,0.2002333318729578,0.2240578457538249,0.20506342757568355,0.14700611195557964,0.09755063396102731,0.024802707501388008,0.0
192,193,0.020872225578048145,0.4318469246010103,0.053449194230035364,0.0,0.0,0.3413280743447064,0.12909944485918906,0.14095229571463794,0.045548751863990704,0.09139260683020009,0.11364820139991764,0.25000000001358613,0.046070322851398116,0.05076730825235768,0.04920926550036392,0.0,0.01177693742916316,0.07174036794393253,0.14777618664014272,0.14262753037782974,0.206254615042058,0.13074409009831697,0.11185837762882152,0.0742119469254234,0.06978920064299572,0.12387787827982692,0.256009443200833,0.2445175678714894,0.19045541708728667,0.286263561702902,0.3750361370697754,0.31306285645472426,0.2204628853598301,0.2155270871303142,0.15830958548294605,0.03240159837257499,0.0
193,194,0.018039544124324795,0.34515701997443715,0.046595927256318614,0.0,0.03005395772285135,0.36867645720380976,0.0,0.11508706752491564,0.11023497024563536,0.14834389461800151,0.18672881871231517,0.3307189138959115,0.04343551693630277,0.12943174770918306,0.05682196536651775,0.025649458798892244,0.01177693742916316,0.09201695146706254,0.19315414351851284,0.14137087565924059,0.22832114183507882,0.11322770343213064,0.08609895660337401,0.08562344027368904,0.07874055071646643,0.058249681950814654,0.22807215799946917,0.2346644852556307,0.18588548295482668,0.15779715719963053,0.34526767225002164,0.27434470596146626,0.18417864600604736,0.17170579017174503,0.16579050306335352,0.05120247284532088,0.04686012976121626
194,195,0.0,0.3887507996986156,0.021379677692014144,0.11585688926631306,0.04751947955537482,0.3413280743447064,0.12909944485918906,0.11508706752491564,0.1977945980361085,0.1572786430690623,0.3360770816650324,0.41457809876370216,0.047194154411146064,0.11905989135298344,0.08523294804977663,0.02294157338328355,0.014423743715630164,0.12884950451648275,0.262682522599961,0.11797724166420819,0.22832114183507882,0.1461763365485643,0.07081832625156002,0.11596589756827702,0.06846293193340675,0.0,0.1200431370243628,0.25061906820691293,0.12992320780518885,0.3752474142773958,0.19108517825283336,0.29761517750574706,0.12846990169185185,0.21804036465223084,0.09817825271413448,0.04383064141512441,0.10979321587320816
195,196,0.0,0.3596700163412473,0.0282826551397845,0.23171377853262612,0.0,0.4180398085609085,0.12909944485918906,0.16275769174748392,0.24468263319718828,0.48187396548012834,0.29802154036978473,0.739509972916158,0.17260722825066852,0.21538744757218165,0.1854891245251333,0.025649458798892244,0.06259528105088737,0.2690456641020441,0.27584727140319926,0.21121314388682952,0.2971978406825816,0.1461763365485643,0.12237409647699227,0.16262664794274556,0.17660723455830635,0.06454363828931899,0.1440677373453497,0.15091427905290286,0.07795392468421644,0.12893695339440017,0.17187389576934461,0.1757367128125486,0.1314847588766374,0.09694704697726558,0.0962714548724948,0.025543249405218543,0.08741927688172223
196,197,0.03629665256368652,0.20024643844181517,0.015117715075605954,0.16384638409477778,0.03360134623206104,0.3115884764413859,0.223606797749979,0.14095229571463794,0.223805529947862,0.16965958328381475,0.10258692808523127,0.43301270193143915,0.06393534977904776,0.13431767238040887,0.2615508337983904,0.016222142111443,0.031158847647525467,0.1738274850670719,0.6701524339898651,0.17314325493115346,0.3405982737808435,0.06537204504489534,0.2645412917877799,0.24919085522619744,0.3555404118083165,0.15307867910295803,0.24475257527930003,0.4127527499187943,0.32699616737426296,0.5040812209889357,0.4686506078702896,0.534436892027305,0.4506188838481448,0.3053825167085967,0.3783868577284039,0.07353395324021583,0.3054583076229845
197,198,0.08515402060076888,0.10304689688677855,0.039997714486056914,0.2953782695875202,0.04250271461926359,0.27869320567709743,0.12909944485918906,0.24413653759292184,0.10471968396919239,0.08406897096328159,0.26124136361474154,0.17677669528703,0.9274299436519107,0.1605403247533125,0.04141576832682454,0.04291975375571678,0.03331020927357281,0.22428698198360855,0.2460544730571133,0.05974009853113871,0.3062029946383569,0.16012815379526935,0.225553312106611,0.3492166965382421,0.14574666331115765,0.10739191775853298,0.14176448049970394,0.1809026452628877,0.16174551601061313,0.1588579524603701,0.32649389031704734,0.16552567674799948,0.2533386713287366,0.09157522367421575,0.315068144083823,0.020348455088818208,0.1626454020987873
198,199,0.2454071073451596,0.2374892842515312,0.2339585466080194,0.37541922873819966,0.01840421529384105,0.4515346001212819,0.28867513460124894,0.11508706752491564,0.048693663962924044,0.06156946711520331,0.16878810018279647,0.0,0.10453140164151598,0.05076730825235768,0.10438861600561787,0.0,0.744396543282811,0.5841019632131755,0.25264879698016307,0.210366594802705,0.22832114183507882,0.17295817390384113,0.15409431957087422,0.2505967311264404,0.19880006332606737,0.08349326326057117,0.07971228661281511,0.09421144198568623,0.11099730800986249,0.1416637237609192,0.20446352363459588,0.13917752070983208,0.09134636994964397,0.052955300892966455,0.34048596227828326,0.025309972837178056,0.22225199476519072
199,200,0.09048821323369083,0.3861446887719385,0.3127577214559455,0.2006700186484476,0.03005395772285135,0.13934660286570613,0.38729833459195867,0.08137884587374196,0.04216994999523506,0.10633977150920695,0.045529379722559236,0.0,0.1556860186759331,0.0,0.02246085395880017,0.0617720768018403,0.05332235208402045,0.15461940541679164,0.13835374666975672,0.32829888369499066,0.48554742790225225,0.3639761427079109,0.19089352812992705,0.16938854739776613,0.1851703986264832,0.07616736582921088,0.15726156938739566,0.14985779005621278,0.09749492130682129,0.08755052449573342,0.19615016298761295,0.17833148949593214,0.36832246766262383,0.18601713155709484,0.23476723283687742,0.036010546519135975,0.09677303797748013
200,201,0.05107494503700157,0.295153490323797,0.1965302959846975,0.25906388008617054,0.01840421529384105,0.2413553960098466,0.34156502554286555,0.1993366482819293,0.024346831981462022,0.09652135055474541,0.0,0.0,0.02659871330323886,0.0,0.04017919703101185,0.025649458798892244,0.03225247144461118,0.1634916929098828,0.2658280082861076,0.1017337219436712,0.14410626923392708,0.2849501380871998,0.22253301636466336,0.2560710460021147,0.13414282419972098,0.06937019238230589,0.26481788542023654,0.33505649791049014,0.23452553354700925,0.1588579524603701,0.3877980576803999,0.4499932046448045,0.14078681858836725,0.13374885729336675,0.3141155448520263,0.049616254167685926,0.14310088770823126
201,202,0.09482184361941248,0.4804852050015609,0.10308907253144102,0.2167483927510178,0.046316259461554946,0.27869320567709743,0.28867513460124894,0.23017413506484177,0.045548751863990704,0.18366188636185077,0.05307589971958961,0.0,0.06962490418113765,0.0,0.028410982683258874,0.059603956060518375,0.026334032658370442,0.2886919083922442,0.3077370929962286,0.08448525756024138,0.38814106625409317,0.18490006541716975,0.19053330432564372,0.2800451548746524,0.20673310331588,0.22786635758022314,0.09384301934497491,0.26057292662536613,0.2701444029628084,0.3701733402697595,0.6247967867956417,0.4787052734485415,0.11197594921079163,0.1625222400922433,0.23264357547317802,0.08483577730520744,0.16480929415223672
202,203,0.11701058054002623,0.7459290507738131,0.047806412656379436,0.2006700186484476,0.0,0.3413280743447064,0.28867513460124894,0.21530818814732916,0.024346831981462022,0.07646454085800897,0.24474926042113396,0.25000000001358613,0.12081096236314835,0.08793155726296574,0.050223996291280236,0.04135850959129017,0.051334480118931464,0.06043577466391052,0.3447035557852673,0.1017337219436712,0.7335397057985199,0.20672455764499356,0.1184393421462038,0.17292660422545839,0.11632833888847438,0.11406985794962365,0.0943745028623655,0.13504371579872465,0.09141055836443941,0.2304475809628721,0.25784575294792816,0.3563263456106634,0.05466098255809058,0.08084230977533874,0.12976461062365488,0.06525495433415879,0.15936824613978576
203,204,0.1371078091537753,0.5665041180544818,0.023903206328189718,0.14189513094886977,0.015026978862078983,0.32679675110274226,0.12909944485918906,0.21530818814732916,0.04216994999523506,0.059983720912753925,0.08626277958440777,0.0,0.1156015971586254,0.05076730825235768,0.04261647402686461,0.02294157338328355,0.02498265695248312,0.025769900907778004,0.14900037606843777,0.1802132134350639,0.5045583887289345,0.11322770343213064,0.09861602593623252,0.16151542572902533,0.18702404349582555,0.033132212830427436,0.11700249234696183,0.1611214949192191,0.1220876477911436,0.1454705200880751,0.2992403602633448,0.38043504729156563,0.08025835392748241,0.0992949760224971,0.08922330296277849,0.07483061752483046,0.13057679111839407
204,205,0.056095020013433076,0.35985324104884125,0.035454184524934255,0.11585688926631306,0.0,0.26069362295264586,0.34156502554286555,0.21530818814732916,0.0,0.04742129515404414,0.133039788838904,0.25000000001358613,0.080450217582285,0.05076730825235768,0.0317644442963196,0.028097574338649865,0.0,0.018222071679226324,0.1046106351194375,0.08657162746557673,0.206254615042058,0.1461763365485643,0.12614026740748938,0.052525534579256426,0.06637177523114482,0.033132212830427436,0.12288478807375598,0.12374798359985764,0.12808610346770022,0.12550305726068303,0.19034041640753802,0.26848613683857053,0.08796942927000523,0.10128360368972165,0.0847323873496604,0.0477468698380612,0.07474692919592144
205,206,0.03593331355725159,0.36308596740622007,0.015117715075605954,0.11585688926631306,0.0,0.3115884764413859,0.18257418584523172,0.21530818814732916,0.024346831981462022,0.059983720912753925,0.1742117663765722,0.17677669528703,0.07979613989306066,0.0,0.02657604080716509,0.04135850959129017,0.008327552317770937,0.056164196913319815,0.30285137794809797,0.13224034529297454,0.13006944328412365,0.09245003270255589,0.07414848274514689,0.07614189774815662,0.07688649876023815,0.04929402637486619,0.18054328368954012,0.11579293364496236,0.10886166881095126,0.15742872999198992,0.14583438499725979,0.22217007141471215,0.07356972005632485,0.1301119444313987,0.13523695045154702,0.04058885826710842,0.06458142662140492
206,207,0.03203340425092582,0.3681219834220197,0.02618465060985307,0.14189513094886977,0.01840421529384105,0.32679675110274226,0.223606797749979,0.21530818814732916,0.10612538021129915,0.15418433462385833,0.21565694893088277,0.35355339059327373,0.14323845478638347,0.09497693697338017,0.04817316492655403,0.048666426330881016,0.0,0.16298316387312392,0.3146060839796303,0.15692440113914805,0.024368163864528843,0.06537204504489534,0.07817287303497639,0.09934248284980768,0.07571259014862665,0.04293397634401514,0.131356732013918,0.11067355842145211,0.030701983787884992,0.09404434923503203,0.09351782204534803,0.15384445501326216,0.06504247777287345,0.0906972050846226,0.09549994556851625,0.02229061572505304,0.08639255546142272
207,208,0.03575025932018715,0.395838602923156,0.02618465060985307,0.2006700186484476,0.031877035964832656,0.3115884764413859,0.25819888973996535,0.1993366482819293,0.25708686734753267,0.346903177309916,0.3414898043675565,0.35355339059327373,0.2249998907991569,0.05076730825235768,0.11584227619639165,0.1386020429584529,0.013167016328398106,0.19625771824775365,0.21255910739966244,0.12096448002227315,0.21745023771680147,0.06537204504489534,0.11069806430634715,0.1300325086367948,0.1326280993947733,0.06910898729268532,0.0844734902860139,0.11131496158009213,0.08668915960033587,0.1326513870542025,0.21951566120813526,0.15644106079866804,0.07430547008686587,0.05353941340595328,0.08247403941912015,0.021634865419727183,0.06617248728100712
208,209,0.06063645224539867,0.3520033715333564,0.015117715075605954,0.0819231920553037,0.03975764902766078,0.2955987834393446,0.31622776601683794,0.16275769174748392,0.11802564699367353,0.09068686185421962,0.723748613059548,0.25000000001358613,0.3186504966299201,0.08027016238014605,0.1179996733592864,0.15686064882377726,0.031158847647525467,0.20126936017582328,0.30808358927197854,0.14010294981777577,0.3805090910422945,0.0,0.2016946544482958,0.22538545104656021,0.32714498170069767,0.11287519902475626,0.10535790255944177,0.12822609436978055,0.1510140802423481,0.2944614527712844,0.19123921712795577,0.19123921712795577,0.1383677351136543,0.17392934500168533,0.17733883225241467,0.03722660233858242,0.15633671752306152
209,210,0.07488881814493195,0.07467259569364419,0.0,0.1831858263694298,0.02375973977768741,0.2955987834393446,0.12909944485918906,0.3044917598246652,0.059637315218227745,0.05436486384983236,0.06397418954546787,0.0,0.028500966866738694,0.05076730825235768,0.03479620533251655,0.016222142111443,0.0916030754771517,0.06570061378726737,0.25910675984360954,0.07068543782550454,0.2971978406825816,0.09245003270255589,0.14466011389593,0.24849213661868197,0.13859083084923124,0.11745910026988728,0.09355236203328172,0.10821134300914742,0.09874233993154119,0.18462698995317062,0.26184275741444024,0.2832906379532852,0.16633702174515147,0.10563408179638097,0.20193320316266247,0.047383770518186,0.13553157056566226
210,211,0.08807789578344492,0.10239058701287479,0.18141258090924323,0.39288982693602476,0.03005395772285135,0.22032632461411292,0.48304589155503314,0.3355335772180009,0.045548751863990704,0.09068686185421962,0.850777694309664,0.17677669528703,0.5974028636946606,0.14359163171912298,0.04817316492655403,0.07779866051156024,0.22783123909596617,0.2996963029001193,0.0747710956626958,0.09996430483510871,0.14410626923392708,0.25318484176640077,0.26071615248098123,0.3000424583389205,0.19928472320766286,0.07685296110521898,0.13021480888277714,0.10940279711829345,0.08669714607249358,0.20049728533709232,0.28867513459481287,0.41291003822528666,0.19717827291099224,0.24049164319285027,0.2551747296822771,0.07666521674920325,0.17939725394680692
211,212,0.030694597303061052,0.17977043507843274,0.23051417390477716,0.30652851669336606,0.04115307646956986,0.3413280743447064,0.34156502554286555,0.23017413506484177,0.04216994999523506,0.07258490539744132,0.11823261750653344,0.0,0.18745331938512558,0.05076730825235768,0.03479620533251655,0.15894388282335692,0.06841782379644136,0.1761990473989442,0.162020849549105,0.22590921856102258,0.1703821757277434,0.17295817390384113,0.11843547235617927,0.22194634809329994,0.12541367288082889,0.10082013250238198,0.15799076025039252,0.1293081903047877,0.12069688881363935,0.2101707165348903,0.1915208656529348,0.3554518957730719,0.02541563379548068,0.09269072337521493,0.2353990082544928,0.06235547204361728,0.1558633022096018
212,213,0.05700002394354891,0.36251612250322124,0.06233193607758516,0.5309229647595065,0.05312839327061479,0.17066403720561407,0.34156502554286555,0.11508706752491564,0.029818657603928326,0.12673874235335747,0.031778707570183806,0.0,0.05607501124273694,0.0,0.024604632753605013,0.064888568445772,0.11265303967999313,0.2963538603921969,0.3709402197762879,0.09060034523154509,0.25923592791590505,0.17295817390384113,0.14838025500289231,0.23058718881407908,0.15489935343785796,0.13155870287745514,0.15701038338514803,0.15764233516409784,0.17381941496984063,0.2043166244336644,0.330866563435965,0.3564914651597477,0.09859064966666575,0.10071191368319642,0.19869718530684177,0.07466423653943752,0.12091442183833631
213,214,0.0862259529816988,0.48502837317504977,0.08943760851878692,0.2953782695875202,0.04381079543571619,0.09853292782164962,0.28867513460124894,0.08137884587374196,0.024346831981462022,0.17815698869662253,0.2516027078671178,0.0,0.21229656622690218,0.07179581586346322,0.06509773935058773,0.09032106474986129,0.10937345204865355,0.1399663884061475,0.303202538808909,0.09445738949447897,0.3956677577122249,0.19611613514037024,0.09503442507767608,0.09113470371780641,0.09395880892624217,0.1503412705772254,0.09501602024638213,0.11646013119739584,0.06974209358664706,0.2745422147274364,0.1250441618233213,0.22007266712618534,0.11280723035968931,0.11884567213538208,0.07370719464028097,0.045469495148733975,0.10415899013521925
214,215,0.0647189047849083,0.4783603153362985,0.07558857537802978,0.2006700186484476,0.02125135731194159,0.0,0.12909944485918906,0.0,0.04216994999523506,0.0684858450665894,0.08595414610198743,0.17677669528703,0.03546495106931956,0.05076730825235768,0.02246085395880017,0.01986798535313076,0.09621837158993966,0.12820363826320574,0.16544125149864,0.13224034529297454,0.21745023771680147,0.17295817390384113,0.11243774809154501,0.15948248027692952,0.09779417349642974,0.14567914702950413,0.119363077521948,0.17707313714522696,0.12171052505271268,0.14269939923183006,0.3090734029984848,0.33218572593329476,0.17988558705576566,0.27882850105477575,0.16059087573567368,0.07806220392815351,0.16324708548299782
215,216,0.05529395801344752,0.6312610362300243,0.02618465060985307,0.11585688926631306,0.01062567865412296,0.27869320567709743,0.0,0.11508706752491564,0.034431619989002606,0.05132527880924405,0.1122363676828396,0.21650635095003165,0.028037505623738655,0.0,0.03479620533251655,0.036273812497222564,0.03225247144461118,0.036444143356868214,0.1550166652668149,0.09060034523154509,0.3569342848778153,0.13074409009831697,0.08923619593784163,0.044874495180244625,0.08973402632963914,0.06103238361705036,0.11197431266419972,0.1664108456535892,0.1266471467871187,0.11887150534004716,0.26042557089166646,0.2680136386413671,0.08198098494175489,0.1693302349594791,0.09158128005697777,0.07624005572305673,0.06092042651274463
216,217,0.030566077838404686,0.21316174599046164,0.015117715075605954,0.0,0.0,0.22032632461411292,0.0,0.0,0.029818657603928326,0.06311538469579996,0.0991620038473417,0.17677669528703,0.03655643481745055,0.0,0.03479620533251655,0.01986798535313076,0.016655104635541873,0.04645734953398781,0.13963580450600044,0.1238797049604796,0.1703821757277434,0.06537204504489534,0.056167822958445905,0.04916177932586054,0.06306806729046141,0.055354401046913804,0.14742591486769174,0.18016778539784778,0.18399192188752983,0.135170566370282,0.2842592937790428,0.21131202707661972,0.07960782314441456,0.1643635703718141,0.13874148706185896,0.05765014373414863,0.08540492299640354
217,218,0.03065181735220406,0.5011940725864035,0.03023543015318367,0.0819231920553037,0.028112903231493687,0.2955987834393446,0.12909944485918906,0.18196863130416527,0.09270997410536716,0.05069549694648571,0.16039178139699176,0.17677669528703,0.04373611233593591,0.0,0.04603105294203374,0.04729526514335813,0.018620973067608595,0.0783760938238232,0.12156462834646628,0.11176349047261305,0.23889404266747608,0.1461763365485643,0.03324290349378641,0.04493756548030369,0.03292431988943573,0.03219872319513774,0.12352679323464025,0.13338044695164145,0.13789101408296076,0.21643068909063765,0.27240584978365284,0.23051256451598584,0.06855704778945768,0.12964720445734612,0.11899906563534837,0.061427841657268376,0.05479293152518898
218,219,0.023918996901085357,0.4768609756467608,0.021379677692014144,0.0,0.0,0.2413553960098466,0.0,0.0,0.1878023150733366,0.08055640484625953,0.17144388354854617,0.45069390938589715,0.05169860591084659,0.11351915231163444,0.05857074125814546,0.04588314676949281,0.020398253984870187,0.08926955535010525,0.2213074715204482,0.1238797049604796,0.2491921817381404,0.11322770343213064,0.0516593739620244,0.04916391414948951,0.01297145312013861,0.05110515328893006,0.16154890014423823,0.19712686393707202,0.16936078879965913,0.23900862773536238,0.2980548807609408,0.21070698501183346,0.10479660203339992,0.10092542232372169,0.21546230587310622,0.06399242045189055,0.10233287079117133
219,220,0.01049879270695309,0.512131407033214,0.039997714486056914,0.14189513094886977,0.0,0.27869320567709743,0.0,0.08137884587374196,0.2802530823059922,0.511622813038719,0.25412510383034287,0.5994789404211722,0.15785887549139588,0.306711859799969,0.10390421146354414,0.11062026080068207,0.03629895900078245,0.3046412135910375,0.22979160303693352,0.40693488774608816,0.3805090910422945,0.18490006541716975,0.0495878654662371,0.0757548837522571,0.05343634706914624,0.12094316825569763,0.12291903690558144,0.15631295877439663,0.2067984915602241,0.24883529891021766,0.4837531029086146,0.2327658769690183,0.16930069257628194,0.11690609266859249,0.18840103607275216,0.0568301422811882,0.15777676038134802
220,221,0.045934896284049134,0.4002421724256909,0.015117715075605954,0.16384638409477778,0.09078583822342273,0.27869320567709743,0.12909944485918906,0.0,0.14909328801964164,0.4100541864909439,0.12415334616417405,0.3307189138959115,0.17077580000613493,0.13903199955809817,0.09422856948565436,0.1038723913320144,0.23933565008683005,0.36557853910301835,0.1693671851519834,0.39128624441613286,0.5979128806352303,0.06537204504489534,0.18010208112641837,0.40761288745502294,0.2809158732690008,0.17812369425240857,0.13468748398675806,0.13906958203873368,0.16643184050351256,0.21196519826733531,0.3180490610588969,0.38087608774821236,0.2775610071754652,0.27840980388664593,0.3062942156543044,0.08412285896893608,0.09695591632357939
221,222,0.09458629548079457,0.17571630392715432,0.015117715075605954,0.0,0.02125135731194159,0.3115884764413859,0.0,0.08137884587374196,0.08433989998680338,0.0938209168045001,0.043743213111905044,0.25000000001358613,0.03237492283306862,0.14359163171912298,0.024604632753605013,0.03973597070795067,0.10825818012929896,0.06938758171555248,0.37629026764468054,0.11645489089633247,0.34883216317688776,0.06537204504489534,0.2058598785736027,0.2058671170131996,0.21612949358931371,0.08410789476288462,0.1713678459143751,0.21268233774594306,0.1365377561931967,0.2124213254540118,0.25320796649950555,0.42576059567704855,0.1462167854249337,0.16984149093345155,0.34520555224479527,0.09034309679657854,0.18108177218222266
222,223,0.1847296030612591,0.2659551849441576,0.4586675888311168,0.2167483927510178,0.05819923887664278,0.4062616689541329,0.28867513460124894,0.3044917598246652,0.07098260304660652,0.13146662954343086,0.3716028220697119,0.2795084971844357,1.0,0.18304413304258704,0.036217038774408176,0.16463676123337817,0.29176159207370733,0.46901927601120313,0.293237997438206,0.1534750919460909,0.26904325125597917,0.5390716933282556,0.07735501328882768,0.15006898521228687,0.1628193113611803,0.13416407864366484,0.08562219405611166,0.09122910184125282,0.11026949528550573,0.13381203375265113,0.3210957388580639,0.3514533178765479,0.043005539529139665,0.09317068793586164,0.34504643141390284,0.07662974821948713,0.2031440421038707
223,224,0.0662419109212887,0.45030690968511417,0.12693480330903728,0.30652851669336606,0.035241389241957265,0.4515346001212819,0.3651483716599344,0.16275769174748392,0.029818657603928326,0.11193262649839547,0.040591983847615726,0.3952847075854922,0.09658367922725501,0.06217700042093628,0.03331483023367104,0.21643037044053523,0.19360439811576413,0.316141127919481,0.41912012776742025,0.5886749416634763,0.4725548620390518,0.4029803499106671,0.1273028859351921,0.19488449861876297,0.1006018500648042,0.10746783994689363,0.16873225252710816,0.13221514480524968,0.10223216293391822,0.1107436270995529,0.2466822525556216,0.2722561351310267,0.10941563817151832,0.10897184330490002,0.21647218890483835,0.0686768923476059,0.18281465157706975
224,225,0.04180727203820575,0.47693636872057804,0.13647872615522352,0.317287158498343,0.0,0.197065855624096,0.223606797749979,0.11508706752491564,0.029818657603928326,0.06311538469579996,0.03571618394369286,0.17677669528703,0.037962962075074595,0.09497693697338017,0.028410982683258874,0.238691608969628,0.27625642875839884,0.18312955394672534,0.23897379019863033,0.3310054330679006,0.22832114183507882,0.5919690451830917,0.13099762055787392,0.13043922341461836,0.17822101295429196,0.12808449943911535,0.1981967214794035,0.16781293205651435,0.12500019441204602,0.20686724875781215,0.32374630239613195,0.3443072430767764,0.06600119166490225,0.13333124789394282,0.28212638054303635,0.07229524023209902,0.15301694496308704
225,226,0.08423994203329754,0.8292203364009463,0.15783357910974755,0.1831858263694298,0.02375973977768741,0.22032632461411292,0.28867513460124894,0.08137884587374196,0.059637315218227745,0.06706383875214675,0.16576952829073963,0.2795084971844357,0.09085190189026408,0.06217700042093628,0.037584197343673686,0.9645697159238578,0.04406526492163973,0.14520601713546488,0.21442406914380094,0.24847859694830898,0.4659570556308671,0.2773500981157064,0.13155589992932096,0.13785868323275804,0.11094195014286524,0.06845886647601813,0.14702221641194427,0.1823347923938577,0.09168305266626278,0.0,0.3228489566004252,0.35877441560161216,0.037280258622739905,0.13493220571688871,0.17182099113180438,0.06114394485220266,0.20177911706983626
226,227,0.1114036378346996,0.7437286237741588,0.04898699568114078,0.245769576155358,0.0,0.22032632461411292,0.34156502554286555,0.14095229571463794,0.045548751863990704,0.058354899264999184,0.07470575852463462,0.3061862178534438,0.03546495106931956,0.10153461651023321,0.028410982683258874,0.25131234493636107,0.029442343578188007,0.06442475225824137,0.30109044726252115,0.3529219319970716,0.5045583887289345,0.17295817390384113,0.12417368111896551,0.1545312279247858,0.11398244441265566,0.1581556767436381,0.149418347045864,0.22832641727948905,0.13784875642572206,0.21808478993931746,0.4035949802457412,0.4035949802457412,0.11062797942376806,0.1294305452918162,0.15199342076248953,0.06892176382237572,0.05134330944686964
227,228,0.09453078706183339,0.6455637526200712,0.05013978859209526,0.2006700186484476,0.0,0.2413553960098466,0.28867513460124894,0.18196863130416527,0.051647429983503905,0.04316566023272786,0.08216016269874293,0.2795084971844357,0.03196767488744509,0.12435400085088318,0.030134397771861433,0.0707106781091625,0.010199126993451253,0.06043577466391052,0.12226593368041822,0.19992860970514076,0.41042197451787377,0.17295817390384113,0.10150620408100154,0.10601548219189039,0.09504825375037092,0.12102867066927926,0.1809697237585103,0.189777920181544,0.19419301179840123,0.21979260608075002,0.47574995120426494,0.2627429743121469,0.09678327259573771,0.09783370955329097,0.1146194023399237,0.08219077258787427,0.1260028758547007
228,229,0.05148436998745619,0.5029188037982534,0.03854276208727207,0.0819231920553037,0.0,0.2413553960098466,0.25819888973996535,0.08137884587374196,0.07699144287085037,0.06609884112388596,0.14869833149345968,0.41457809876370216,0.02289252747681516,0.17948953964695288,0.03479620533251655,0.05129891759909291,0.008327552317770937,0.06818074910428909,0.08743479215315168,0.2448615393570595,0.1703821757277434,0.09245003270255589,0.036213856655546856,0.03410297807177113,0.03447352062856421,0.025325176530323505,0.07415780677449968,0.06609298856415222,0.06014967753007014,0.09629587019110827,0.11432364462292362,0.08981580738918168,0.009219082092944747,0.04129160185347609,0.0,0.022282376726987223,0.0
229,230,0.032561574611835224,0.5269414103305414,0.0282826551397845,0.0,0.02125135731194159,0.39413171130580155,0.0,0.0,0.12767586403534695,0.06570887405118532,0.21205309310247794,0.3952847075854922,0.028957011293928404,0.12943174770918306,0.04141576832682454,0.06688560539675101,0.008327552317770937,0.07468826854403855,0.10179597439288361,0.1689705151342567,0.13006944328412365,0.06537204504489534,0.06932614703541737,0.05499265022149527,0.06743392031410682,0.06496210741784597,0.16179645250108238,0.1771070259957101,0.16314020688446323,0.15612494995848705,0.30797698507349713,0.26178916882537434,0.10825212689327886,0.1461499770997714,0.17603860253008616,0.0713041076794615,0.11649722755711499
230,231,0.0193723690756732,0.4820074605152821,0.03380423857352829,0.0819231920553037,0.02375973977768741,0.3115884764413859,0.18257418584523172,0.0,0.137726479953765,0.09292638085145181,0.2831131884686816,0.43301270193143915,0.014478505646046235,0.1721603184726541,0.0717342149695174,0.06786208924576088,0.01177693742916316,0.12729392027661407,0.2707985266957108,0.19449966928472157,0.14410626923392708,0.06537204504489534,0.06271635528161054,0.05249746856940936,0.05775307757998736,0.13157936710071447,0.12613669320622692,0.21563893568243464,0.1642145396052295,0.23890473352138317,0.46336279838193734,0.34956191276834003,0.09907561502155342,0.13895665165390164,0.1684256875216998,0.06607909616918005,0.13631013669300798
231,232,0.029827342757704836,0.5937358268109257,0.03023543015318367,0.0,0.0,0.2955987834393446,0.28867513460124894,0.08137884587374196,0.2559314149504462,0.44564484935769616,0.20787616824517005,0.6373774392390651,0.048019770749102686,0.4029530171412266,0.21845995119560277,0.14509525000739407,0.057694974865394766,0.3406601558156313,0.4325003830867654,0.39582041943217694,0.4725548620390518,0.11322770343213064,0.08360280255306438,0.0833757924223175,0.11869926788643444,0.18277073997705978,0.07760011493613538,0.11545032044096874,0.201242257487573,0.20998224371050128,0.43508428400632915,0.19183220835983708,0.14621447584241037,0.11170768129484121,0.3196848675700884,0.05067431952109785,0.24910502915237415
232,233,0.025511767954638973,0.2257365677122489,0.03023543015318367,0.0,0.03975764902766078,0.2413553960098466,0.18257418584523172,0.08137884587374196,0.14809599731665626,0.22329050173766843,0.04188093801473493,0.3952847075854922,0.018456545702593013,0.2093189742607915,0.06738256189139957,0.09318911162202766,0.022805941266692293,0.44864798000659306,0.48880253764295045,0.26176799640157056,0.6508027827221116,0.06537204504489534,0.1627228116583302,0.2523391950646343,0.33071928788696353,0.18951394491950282,0.1714346911495338,0.2435673489194471,0.16355184187496835,0.14672252382222586,0.42245002698225664,0.31236454849849293,0.465232490409582,0.3777275997657174,0.2520536331630892,0.054319750894646066,0.1523751822575372
233,234,0.07137193699831168,0.13491529976193414,0.015117715075605954,0.0,0.04751947955537482,0.197065855624096,0.31622776601683794,0.2573425063168199,0.05444117134731497,0.040556397554433535,0.10075720547801609,0.3061862178534438,0.4112061286992008,0.14801086614974418,0.020089598515505926,1.0,0.04891329474292059,0.0798451176191423,0.35894169350618343,0.4307919769051805,0.2971978406825816,0.06537204504489534,0.1848718470422374,0.25455279573428546,0.15554224391818194,0.09683110185565863,0.1406261556555552,0.21761075299994093,0.19181389992316458,0.12943610858026006,0.41172400741505283,0.4385079792525651,0.15349895577821063,0.15379099412924793,0.2995453625178966,0.06633696877440652,0.20181172257991012
234,235,0.13835587180563333,0.3918330796317825,0.16526089809890615,0.32769276818955556,0.05095896464911635,0.39413171130580155,0.5627314339173608,0.1993366482819293,0.0570983822192274,0.0765485217090289,0.03717458287336492,0.12500000002037923,0.13475514744599704,0.2062177809941658,0.037584197343673686,0.8287593770091207,0.3374971105278864,0.3465069593787627,0.44218740201072154,0.6606617495459775,0.41042197451787377,0.06537204504489534,0.4213701456610969,0.2897181308726241,0.14737382027169696,0.11014384438529694,0.09096168485476562,0.11790267100523984,0.14433619727742614,0.0697092573655428,0.334346306282325,0.4383295665162005,0.05489638885744057,0.149600933147151,0.39195960337598956,0.09393055995429302,0.2095011945158351
235,236,0.0606580888053087,0.37471674860206505,0.25987523708916205,0.2006700186484476,0.03975764902766078,0.2413553960098466,0.34156502554286555,0.14095229571463794,0.06441566263042156,0.10967112819318367,0.1195736730775003,0.17677669528703,0.05536963710969934,0.10769372378609082,0.028410982683258874,0.7817827130116232,0.39399972546843587,0.5269928983048401,0.292804651512931,0.6330759461639055,0.4919462493329624,0.20672455764499356,0.30317944277166803,0.2457664583022928,0.13344564439188525,0.06673339418667777,0.15813195680034195,0.1667399823284195,0.09093142821322014,0.12189540832786838,0.28120667651350423,0.46509738218732255,0.048272666459681354,0.13045089371088162,0.28150010747630977,0.0901282253154827,0.27981728958197916
236,237,0.06964111232962354,0.6381062469719728,0.260972224828755,0.2837902618886003,0.03831142922301853,0.17066403720561407,0.3651483716599344,0.11508706752491564,0.048693663962924044,0.14158481771687498,0.07681055790358489,0.12500000002037923,0.015356774284568678,0.0,0.02657604080716509,0.188832981028539,0.13759374563609827,0.2581495884365846,0.19001144205878737,0.3462865098623069,0.37276728630228345,0.5955676742993742,0.15062000429242178,0.11248509945589637,0.22993387032135795,0.11273627722843325,0.16478738553707975,0.18649803985423138,0.14436858338646946,0.12360510482716469,0.29238401306653006,0.3944803938359103,0.07922729933338257,0.11394277730487855,0.2554577780052989,0.07770455173998947,0.30340156335543855
237,238,0.06309682497620132,0.7460836809762843,0.22269784928736303,0.14189513094886977,0.03831142922301853,0.2413553960098466,0.3651483716599344,0.0,0.024346831981462022,0.08237043282571452,0.05357427592184748,0.21650635095003165,0.01773247553465978,0.07179581586346322,0.0317644442963196,0.05848976517780251,0.12954631172687486,0.1792814802599532,0.21747382567383536,0.20866319356516444,0.32370802938764276,0.5063696835107868,0.11532770917148158,0.1314621943665363,0.11276417293175268,0.15109321741382356,0.17325561466830963,0.21365705503815477,0.183335517971566,0.18035149346915902,0.4164850836220199,0.3909700523406608,0.06443516148349526,0.13108291862833496,0.1895637343215597,0.09633535191458169,0.09300965645463849
238,239,0.09363817776524316,1.0,0.11211597568268707,0.23171377853262612,0.02125135731194159,0.3816163885063063,0.28867513460124894,0.16275769174748392,0.045548751863990704,0.0765485217090289,0.19330233165738356,0.17677669528703,0.04774615159422398,0.09497693697338017,0.04603105294203374,0.05256574829370402,0.037241946137443485,0.15801804011347165,0.15959483105428146,0.27506407013722856,0.6353063727332038,0.2773500981157064,0.05484426328071078,0.06529780750521393,0.05455672776135365,0.07483595287893871,0.13015831900778563,0.1891439556738386,0.13575636165851304,0.17903639540227703,0.316849350800233,0.10854142050186519,0.02423918713527481,0.07758056360101058,0.07600988667486717,0.05035560993670877,0.10955755727215227
239,240,0.08717942384626096,0.7521233236183309,0.04275935538681677,0.2167483927510178,0.01062567865412296,0.3413280743447064,0.18257418584523172,0.18196863130416527,0.038495721435425186,0.05219420863781206,0.14080362829302243,0.3061862178534438,0.0454979984910124,0.10153461651023321,0.036217038774408176,0.07433919415776107,0.01557942382243227,0.06914790023468441,0.11292690690213229,0.20780625690084553,0.5756894377712508,0.16012815379526935,0.08757401737192996,0.08940053948626576,0.10863819343914885,0.022598339596428027,0.1601039637156219,0.2113670618828971,0.19729378875662154,0.16965615639649068,0.4129144043985239,0.19318078182013526,0.025304864348795343,0.07466205979052422,0.06511728412302985,0.08027049016150928,0.14885469716172486
240,241,0.08067529387435438,0.6241151842076923,0.03023543015318367,0.16384638409477778,0.01062567865412296,0.22032632461411292,0.18257418584523172,0.08137884587374196,0.05444117134731497,0.0418045777275894,0.1882878719612816,0.3061862178534438,0.04190020498559695,0.13431767238040887,0.04141576832682454,0.08111071055514621,0.013167016328398106,0.05527027995171469,0.11277928051315989,0.24044925832604339,0.22832114183507882,0.06537204504489534,0.09217459750827432,0.10619610466263744,0.09011600727692497,0.07214157068111898,0.1357902724172117,0.17056216699675586,0.21310765253732192,0.1365713350425647,0.4145647809837029,0.16521749238741038,0.06019596344522423,0.15219368298506572,0.12868295879130337,0.06666983825444747,0.12590253879633373
241,242,0.06632110031990478,0.5827567721675273,0.021379677692014144,0.14189513094886977,0.01840421529384105,0.2955987834393446,0.0,0.0,0.07098260304660652,0.05735540746247494,0.25991551562495185,0.3307189138959115,0.04252098257696504,0.12943174770918306,0.05121862742704905,0.07433919415776107,0.013167016328398106,0.07379376599066573,0.11858902828502886,0.3410945140902076,0.23889404266747608,0.06537204504489534,0.07906741159778342,0.08901027037247486,0.07264752539571452,0.05592803710389985,0.08456504244978266,0.12879726020052273,0.17797180031530327,0.21799904794462682,0.3423507903180697,0.2209739924014945,0.04338726880540463,0.14454628793690644,0.1183136692853988,0.05258126128814669,0.06729773775727069
242,243,0.0691874194714465,0.6949362789552906,0.03380423857352829,0.23171377853262612,0.02125135731194159,0.32679675110274226,0.18257418584523172,0.14095229571463794,0.1460809918930061,0.17873308390428266,0.35078008406566696,0.37499999998867817,0.03761626109511406,0.1865310012537982,0.09422856948565436,0.0760885910131969,0.0,0.2103840568445407,0.2694081556551761,0.5501281403590699,0.21745023771680147,0.0,0.06185054344588704,0.048276455326828324,0.05376518923408926,0.09141605990957734,0.0759724429082042,0.10323181345161594,0.1179748730033884,0.24854573528443355,0.2819668426687691,0.09554258912641668,0.038298961904199215,0.08391168358346535,0.14498053158055052,0.037982314664082174,0.10979321587320816
243,244,0.08082154796206863,0.714364082907274,0.021379677692014144,0.11585688926631306,0.0,0.26069362295264586,0.28867513460124894,0.18196863130416527,0.13111170275886216,0.36454962303075455,0.16350966269087525,0.5448623679815451,0.09142691966246018,0.2241823631697327,0.23320381162414028,0.1186547401584205,0.0288474874398827,0.3567060710020008,0.26789526168169175,0.5005350457549194,1.0,0.13074409009831697,0.09861438821987081,0.1651659454245687,0.15552208672671508,0.14295696883241954,0.13113195509159412,0.1320146476427709,0.19398388949343884,0.23732730306690958,0.450363025968396,0.17857900037667424,0.17731351004151624,0.1641716812512203,0.3362671362151733,0.04992019148598219,0.20272935905740705
244,245,0.06396431794765535,0.6179953968525412,0.03703068801040547,0.11585688926631306,0.036808430588748955,0.2955987834393446,0.38729833459195867,0.0,0.1470919450780014,0.1418341867115798,0.1602260017748437,0.5303300858738992,0.0736485022218822,0.1721603184726541,0.13363736231433568,0.13475123276184378,0.1557942382243227,0.18394366809800386,0.25399163394372365,0.22590921856102258,0.7609632688052959,0.13074409009831697,0.1418904218865073,0.20958121121003126,0.2005766674927836,0.10442198023672734,0.15552409826607164,0.15916017880773156,0.1409685110351165,0.1972582220784921,0.3161871302611043,0.2867454203151156,0.19784489988191667,0.1744418582327795,0.2568161509951075,0.03911917203513987,0.16325418301884811
245,246,0.0467503723254241,0.5895248004386097,0.06589659227271243,0.0,0.036808430588748955,0.22032632461411292,0.4281744192280888,0.18196863130416527,0.22578323134535813,0.06067596607843969,0.030931122623997304,0.17677669528703,0.23663610446060804,0.10769372378609082,0.03331483023367104,0.907715466488874,0.13670888921368626,0.38564551230302224,0.12022461844121614,0.46925457618009014,0.2971978406825816,0.06537204504489534,0.23093085641135982,0.3017498814414002,0.1768222370768805,0.07195529705813238,0.13252921775516568,0.14811261817108665,0.10912915115926891,0.13563268932948003,0.23938216359700268,0.33209539668016125,0.07923102354397307,0.08496695804176349,0.28448270007619647,0.06931663709710242,0.2179051504237199
246,247,0.061157908184395204,0.4740250806009818,0.11463575043258199,0.2006700186484476,0.02375973977768741,0.197065855624096,0.38729833459195867,0.11508706752491564,0.10612538021129915,0.09947174789849964,0.030059648010618563,0.12500000002037923,0.07523252219022812,0.05076730825235768,0.03479620533251655,0.7259295310507466,0.6077401810368208,0.6121911023118919,0.3150482107614799,0.9830831775329139,0.4388363237282645,0.11322770343213064,0.17873319149917702,0.15049700712933617,0.1949371209504018,0.09433717815872009,0.05454168727132418,0.11531203110584344,0.13108758988225666,0.13213941530455264,0.23573896030061414,0.3843762530855373,0.09412512617563693,0.10127177016067966,0.2988499680829136,0.05681554611623969,0.1547238862860947
247,248,0.05676934705842527,0.6048995166797351,0.1523067591169607,0.245769576155358,0.04115307646956986,0.17066403720561407,0.3651483716599344,0.08137884587374196,0.08074930652399417,0.0671595759023647,0.06992836012517964,0.12500000002037923,0.04578505495711376,0.08793155726296574,0.03331483023367104,0.2370320875144938,0.14447763289395366,0.28834665184616187,0.273179442847852,0.36680615089583996,0.4525474162477164,0.4481681614193075,0.1492472389687578,0.11300380074050666,0.29903110104751457,0.09411706195830152,0.07970502650931072,0.0969298163690111,0.1018602345072417,0.1400090580883964,0.25660481110060707,0.3663968541089751,0.1714275806657303,0.13214601885673546,0.1814948884944978,0.058293460034078544,0.1387389743694564
248,249,0.05063630389448785,0.5690450700470119,0.09133402315409637,0.23171377853262612,0.04751947955537482,0.0,0.25819888973996535,0.08137884587374196,0.04216994999523506,0.07056514531282564,0.04668220467807879,0.12500000002037923,0.13358334131743024,0.0,0.02657604080716509,0.04588314676949281,0.3261595126713576,0.2301686417759573,0.24409019395357676,0.22031059770790504,0.25923592791590505,0.3066220703413711,0.10267055285661515,0.0675270400850362,0.11206890956756571,0.08669056310971471,0.1097667801579819,0.096503749170984,0.08411620592797256,0.15349292963720534,0.2238354027234788,0.3898469678832594,0.1282516138551386,0.18294729746299826,0.19699947578300286,0.06590898236843991,0.1189362902762731
249,250,0.07691156909670849,0.685929335389768,0.10689838846007073,0.14189513094886977,0.0,0.0,0.28867513460124894,0.0,0.034431619989002606,0.035847129663884494,0.07919548700276735,0.0,0.5306920419729346,0.05076730825235768,0.02657604080716509,0.12460463790467069,0.061477418250216596,0.18529257642505495,0.11722648596336836,0.3138488022412178,0.4525474162477164,0.13074409009831697,0.0655972980490885,0.05426784752840826,0.13296300770803918,0.14467284663067034,0.12722150253825124,0.10386679155387908,0.2015106255261745,0.11202394278174194,0.4056568527229241,0.4750233006820867,0.12533301127009916,0.20668727975501394,0.18112926756153735,0.12367222723449692,0.12815458408024716
250,251,0.07091081356815347,0.7234042562321801,0.06927807367218153,0.1831858263694298,0.015026978862078983,0.09853292782164962,0.25819888973996535,0.16275769174748392,0.04216994999523506,0.03819023383354091,0.10739629447773248,0.2795084971844357,0.15245460821259105,0.09497693697338017,0.028410982683258874,0.06589465275559285,0.02498265695248312,0.08118541336287521,0.13725743685191952,0.17210955460543537,0.38814106625409317,0.11322770343213064,0.052334191550602434,0.04362835109520446,0.07117974731815327,0.05456537207852712,0.14017178886248277,0.12463430631865617,0.08242220478697168,0.13964240043637202,0.19551508487913916,0.2456835852001514,0.0311822001871968,0.09039004764205845,0.09656293688229103,0.05086891784677093,0.07000368450141056
251,252,0.06041966051529338,0.6448137516250556,0.04275935538681677,0.0819231920553037,0.02125135731194159,0.0,0.223606797749979,0.08137884587374196,0.06886323998249602,0.031455728619732636,0.159227699197953,0.21650635095003165,0.05319742660148094,0.08027016238014605,0.0317644442963196,0.04291975375571678,0.01766540614315806,0.08926955535010525,0.09634095139999828,0.323921369391617,0.33222597060189196,0.11322770343213064,0.057828196822316213,0.055037052853050265,0.11036911774769505,0.08838001658568552,0.1869995718604271,0.2557037470627286,0.1763030408016506,0.19148028946364634,0.4139250201252648,0.24809343678580226,0.05850326682339918,0.0879567137976694,0.08173012579395884,0.06679205621879869,0.09510613686672698
252,253,0.0432269618276236,0.6009063760948705,0.021379677692014144,0.0819231920553037,0.015026978862078983,0.09853292782164962,0.18257418584523172,0.0,0.12650984998326067,0.02945142230824126,0.204784900648407,0.3061862178534438,0.040630205695812105,0.08793155726296574,0.036217038774408176,0.03973597070795067,0.01557942382243227,0.07277430965798778,0.15430364021723034,0.23896039409533584,0.288010709203407,0.06537204504489534,0.059991278932651174,0.05872533293936241,0.06775769132864314,0.06454793304002275,0.15399480027444282,0.19863155408516292,0.2398557340210436,0.19706972875298903,0.3759004985470992,0.17989812126972432,0.06898234564615933,0.10745068810402261,0.08382765429195085,0.05212766984853869,0.0603028498035041
253,254,0.03211522662401189,0.5323917711982619,0.021379677692014144,0.11585688926631306,0.015026978862078983,0.17066403720561407,0.12909944485918906,0.08137884587374196,0.1440378004680506,0.03593663574606171,0.2211328910360649,0.35355339059327373,0.04158634135262783,0.12435400085088318,0.04492170792135011,0.03973597070795067,0.018620973067608595,0.09980639702031192,0.1134426081626265,0.2583370748750579,0.206254615042058,0.0,0.07018693435457188,0.0633870990026533,0.05924517156816097,0.0705037749372231,0.11570949175057145,0.16027651184142264,0.1712912557742116,0.20836289098302385,0.27673002242470424,0.1591052721819326,0.0664006298572906,0.070005263801222,0.10693654658863655,0.03661694072349875,0.08483660078769373
254,255,0.022679984397122474,0.39006268852823184,0.0,0.0819231920553037,0.01062567865412296,0.09853292782164962,0.18257418584523172,0.0,0.10329485997000168,0.06072888886813044,0.16672866568953504,0.35355339059327373,0.02559462380876842,0.13903199955809817,0.03890334024235631,0.03804429550659845,0.01557942382243227,0.10235225901798352,0.13854658384386306,0.22904699686804494,0.19470331085019985,0.11322770343213064,0.08050150681707098,0.05763864752657667,0.08973402632963914,0.09033192898129451,0.12273968308648202,0.16689597228019024,0.20075951806775763,0.30129948253621186,0.36923475780677356,0.172217693021665,0.06005718452958213,0.11075158430128784,0.15269364914692457,0.053114686152759175,0.16118029831670816
255,256,0.035786945078685226,0.3767064690827621,0.02618465060985307,0.1831858263694298,0.02125135731194159,0.09853292782164962,0.0,0.08137884587374196,0.25881037404826196,0.3864929066565475,0.9907888734071778,0.4841229182145383,0.15492677591554796,0.28266040970212225,0.1716456049633149,0.09318911162202766,0.05739369356415961,0.42543757224540274,0.3470589960985794,0.44505371042326264,0.2491921817381404,0.0,0.12945171282938767,0.10400150039708768,0.17325816873363784,0.17601078819942934,0.11371973112879928,0.12297492522830054,0.21691689237373368,0.2680520990520154,0.44644857626695006,0.1830189299844407,0.12135809478241674,0.0948335123278001,0.2236641723974527,0.061815306041711246,0.2388120074616958
256,257,0.04695202835565652,0.2819824998517603,0.010689838846007072,0.0,0.031877035964832656,0.09853292782164962,0.25819888973996535,0.0,0.17215809994501302,0.15961032604537018,0.5081979159085334,0.35355339059327373,0.33027975347288313,0.12943174770918306,0.22505730838940405,0.13327849746663942,0.35890687792838094,0.5160096902326826,0.2006494982563315,0.5865492064469316,0.37276728630228345,0.0,0.17296154407186115,0.2010351307883456,0.2953169567548531,0.16220613091983302,0.1741768898271322,0.13121742418977453,0.13348061625869917,0.15695821787951256,0.361634131351583,0.24364719907309526,0.18726734880588985,0.1887260911026817,0.31099963420707294,0.04800214046121389,0.12528867060736004
257,258,0.04596345388708899,0.09310270053413405,0.02618465060985307,0.11585688926631306,0.05095896464911635,0.13934660286570613,0.223606797749979,0.23017413506484177,0.06667654540017474,0.05862951207589115,0.39550735224760614,0.25000000001358613,0.725732838826047,0.11905989135298344,0.03479620533251655,0.22183445698435758,0.053646503106485124,0.40916565413446015,0.22026300144235955,0.27048480019271803,0.26904325125597917,0.13074409009831697,0.19553489732344867,0.273676720969967,0.21993949024421514,0.0980867623254295,0.09303872456488756,0.12611990032025475,0.1076400434031787,0.12140221244489068,0.2777804640962375,0.2622842108690637,0.1732753108868011,0.08023080792582785,0.25675646762847737,0.04369550260960026,0.12068974538102879
258,259,0.07026015661395581,0.09472976825980187,0.3289623137170048,0.23171377853262612,0.02602749087036685,0.17066403720561407,0.40824829041835314,0.16275769174748392,0.08433989998680338,0.06125560202312491,0.1901139067748867,0.2795084971844357,0.34005229485852395,0.14359163171912298,0.04261647402686461,0.8444088557167323,0.4079225811559308,0.3295374884757883,0.2141916433336296,0.5145977550116814,0.14410626923392708,0.16012815379526935,0.25026572353670196,0.3461780541759542,0.20296205874038525,0.04017988797847532,0.10961986879393994,0.0667428017202028,0.06636004962235731,0.11083290048091997,0.11278673706750764,0.15091196614293753,0.04125713067635829,0.07168933527558326,0.1487447161428607,0.03281089794412874,0.06388107507423955
259,260,0.048166029602939024,0.32796631263468434,0.21433060241927548,0.14189513094886977,0.031877035964832656,0.22032632461411292,0.18257418584523172,0.14095229571463794,0.11419676442491448,0.23358469405104546,0.12585415618648862,0.0,0.1660300184655436,0.03589790793563333,0.07909282845373913,0.5141421060192474,0.5719094717131409,0.2868746759209824,0.22080842752997798,0.45653319192627,0.22832114183507882,0.25318484176640077,0.374894455619596,0.2632949132727907,0.24324679980761513,0.06620164552187285,0.17698335069570031,0.14112804980554666,0.11908503290452464,0.13799169556165453,0.22495427593528763,0.24456145064011173,0.06731828448929045,0.10014282400538932,0.18036144679074362,0.037977291546918146,0.10984771735053742
260,261,0.054239730380893976,0.5242764238246838,0.23614625854091587,0.0,0.04250271461926359,0.17066403720561407,0.28867513460124894,0.11508706752491564,0.059637315218227745,0.18238052917216455,0.08312489434004341,0.0,0.14009403857969915,0.0,0.036217038774408176,0.059603956060518375,0.1470939013402649,0.12399045285761598,0.3659121081211861,0.5135564094021641,0.33222597060189196,0.39764262609441575,0.16435227565068397,0.15214114086987834,0.15097383748814808,0.12114529085855132,0.13177535640451976,0.1617034775998381,0.16894191928063176,0.18791744982660263,0.37122659830355575,0.29585731311329666,0.08785087042449792,0.10493274086662345,0.19560401414847303,0.048256110593433946,0.1124829051669731
261,262,0.06763374088476688,0.6522313166094461,0.09855544449415686,0.2006700186484476,0.02125135731194159,0.0,0.25819888973996535,0.11508706752491564,0.045548751863990704,0.04836042186236133,0.11270894395552847,0.21650635095003165,0.11038377001364783,0.07179581586346322,0.028410982683258874,0.07344887228893014,0.0721187185867732,0.12709813355955674,0.23337731977139425,0.23059987566695764,0.32370802938764276,0.2773500981157064,0.13406043781820454,0.09240697885633906,0.09981262939997111,0.11273627722843325,0.10656040392224204,0.16792688358266752,0.11156644931250127,0.20793347193530676,0.30262076208006505,0.37269986928331866,0.12093806557414062,0.12715177366150696,0.18376341136247323,0.07084842979375444,0.1389896410327729
262,263,0.07052113978575315,0.989147165072051,0.06927807367218153,0.2167483927510178,0.0,0.13934660286570613,0.25819888973996535,0.08137884587374196,0.07504197599310763,0.040078309362185836,0.07611542543090115,0.17677669528703,0.09617586455544101,0.10153461651023321,0.024604632753605013,0.04588314676949281,0.022032632461760647,0.09804422877705786,0.21751977610105583,0.23746219506718547,0.4030934060060456,0.09245003270255589,0.11191287342744158,0.06992565063561382,0.1039175766917566,0.10968769874159981,0.1303668639013779,0.15081601549372436,0.14730914281946023,0.13293001510458174,0.2681636308444728,0.35629885131591243,0.09291951009963191,0.12877742767170217,0.13161278279604913,0.0863133850785996,0.13783865091858227
263,264,0.050843194657807705,0.8402934885770456,0.032069516534303226,0.11585688926631306,0.0,0.0,0.18257418584523172,0.0,0.059637315218227745,0.04031806210573827,0.07953035313031165,0.3061862178534438,0.06078386373729799,0.09497693697338017,0.028410982683258874,0.036273812497222564,0.01766540614315806,0.06325447771223265,0.08551792398950972,0.22982474783178436,0.2491921817381404,0.13074409009831697,0.07259166747096613,0.06109191113809819,0.07184532358966157,0.02215080340783529,0.1377076520717998,0.1731319418778239,0.10517136575712344,0.11289418955645407,0.2269514556292317,0.1686263230862488,0.013067853758324699,0.07685696199017929,0.03927384541515408,0.0469770353319773,0.06109634246932833
264,265,0.03390406491967778,0.6773247273971688,0.03854276208727207,0.0,0.01840421529384105,0.09853292782164962,0.18257418584523172,0.0,0.06667654540017474,0.04095054090301714,0.09307932653966358,0.37499999998867817,0.04829183961637968,0.11905989135298344,0.0317644442963196,0.05256574829370402,0.014423743715630164,0.032083267892495784,0.07063480878832878,0.267165842596323,0.19470331085019985,0.09245003270255589,0.0780832161746656,0.04927807125119396,0.08775167077527829,0.07457071614106096,0.13809413605563542,0.19382223336500162,0.18958308308745125,0.2305312431818289,0.34712346458746884,0.2094639521493321,0.04210782585841352,0.16654307502009078,0.07986899404668937,0.04286905114265182,0.07326449704087191
265,266,0.019099505178977915,0.5357578577252105,0.0185153440060077,0.0819231920553037,0.02125135731194159,0.09853292782164962,0.28867513460124894,0.08137884587374196,0.08607904997250651,0.03484739282079742,0.14851949997624322,0.37499999998867817,0.031555171477455596,0.11351915231163444,0.03890334024235631,0.04729526514335813,0.008327552317770937,0.05960595347991442,0.1483279632959351,0.25902689473619206,0.2491921817381404,0.06537204504489534,0.09467874294613197,0.09413682564313565,0.1024601714274935,0.19736905064569946,0.14982289123572395,0.3400080104960724,0.46728492229050095,0.5592279043920314,0.8395140908415558,0.21338245928902094,0.07543291427810744,0.29883956237923975,0.18878720050818476,0.06396609981660858,0.10878064813759872
266,267,0.016280787305917612,0.5606400070763962,0.03023543015318367,0.0,0.015026978862078983,0.0,0.18257418584523172,0.08137884587374196,0.17891194562011295,0.06725517677173283,0.28905847092634634,0.467707173364898,0.029848204042324186,0.13903199955809817,0.04920926550036392,0.04729526514335813,0.0,0.10703043688986254,0.27935920558723315,0.3046159281313107,0.21745023771680147,0.06537204504489534,0.05898801288389082,0.05984521744390306,0.046084447916349386,0.08747353091468964,0.07437295352772981,0.12104682282376926,0.12039894064866494,0.24432330538171607,0.32932008735816637,0.06028704684359226,0.050996206735457315,0.08175588048127438,0.14829991668502385,0.03241280418205942,0.11852889057010077
267,268,0.038164643269010146,0.574215871250615,0.021379677692014144,0.0,0.015026978862078983,0.09853292782164962,0.31622776601683794,0.11508706752491564,0.24649288693554214,0.22385090219990503,0.3425776017246932,0.6373774392390651,0.1740434418969372,0.13903199955809817,0.13325932092962797,0.06688560539675101,0.10729300622842536,0.23257246334452675,0.3049881998615564,0.3098432750974006,0.22832114183507882,0.11322770343213064,0.09902786754926866,0.10435572262319721,0.15844270737371224,0.19176654598894516,0.11463590529919768,0.12611349357453944,0.2347397392938818,0.32859187910537374,0.49434549489275215,0.13438234882753033,0.22912031461186405,0.08862411220420367,0.3406208287088157,0.03012778862793722,0.20808664429811283
268,269,0.05588409167899618,0.44758059329589506,0.0,0.0,0.036808430588748955,0.13934660286570613,0.3651483716599344,0.11508706752491564,0.10471968396919239,0.07015421570061377,0.050510311737617504,0.3307189138959115,0.07609828742351543,0.09497693697338017,0.14416999125797453,0.06589465275559285,0.12981369346589988,0.13721111076812254,0.29345447100841265,0.22192461635825914,0.32370802938764276,0.0,0.15796645389035088,0.33716886757388737,0.2734263712167885,0.07134099922945146,0.2717082182332295,0.1616180274399591,0.14072942197857571,0.1827463444600762,0.21146790194737317,0.14343474271141157,0.22023081093937233,0.17700444903067308,0.2053116077455883,0.027547384023032417,0.07678123081875375
269,270,0.09206954075659655,0.3357936520402106,0.032069516534303226,0.0,0.04115307646956986,0.09853292782164962,0.12909944485918906,0.40689422936870984,0.04216994999523506,0.01792356482934478,0.12067983606409792,0.25000000001358613,0.03830652529597682,0.10153461651023321,0.020089598515505926,0.059603956060518375,0.3520792212864461,0.13660478386124017,0.3061389834975476,0.17106960818569814,0.15751828736876292,0.21681454518698828,0.18722365288126042,0.211099871231571,0.12256156044254726,0.12146644951080977,0.11404862397905022,0.19486670254187333,0.1444918307568498,0.23082176786988623,0.3273969842096401,0.16457198044731394,0.12837449079335794,0.0620992561021496,0.15295597089922572,0.034942114644544844,0.12659777339838035
270,271,0.0694335377639421,0.5344980595126365,0.311292806024231,0.0,0.031877035964832656,0.197065855624096,0.5773502692218062,0.16275769174748392,0.12051066995894294,0.1505366055215476,0.09421448222467377,0.41457809876370216,0.5353132548686587,0.08027016238014605,0.05682196536651775,0.8720061564446846,0.3896636054495542,0.3133189715810215,0.16236526026239856,0.2795683427158656,0.2971978406825816,0.3202563076079429,0.20100104570908842,0.252646141539208,0.19664735350315815,0.11087273933133364,0.11183168749711112,0.14684409609926663,0.1579172894456965,0.1987627987434996,0.3737226987160965,0.3036017355155947,0.09878364880991743,0.09163950329915736,0.08991428717238303,0.0622852201986999,0.12659777339838035
271,272,0.05276821551803364,0.5000239692570574,0.16834375049996161,0.11585688926631306,0.03360134623206104,0.13934660286570613,0.4654746681575633,0.0,0.06441566263042156,0.08849958654480186,0.05877817648210566,0.25000000001358613,0.06674261323695549,0.03589790793563333,0.02657604080716509,0.5348388836782192,0.2482951578981873,0.20093913952036188,0.37780683707378054,0.4143224563109531,0.41765717398896546,0.4185853260349108,0.21368193514870382,0.22987179198813518,0.23411034145761508,0.12035322762269524,0.20865031394342767,0.15107835243991463,0.1692590924042579,0.23991983211349321,0.3254456745861636,0.34961515618496514,0.07664584376822846,0.12971093051090002,0.2575261055035672,0.0498072005668478,0.1457847408112458
272,273,0.057981477852515693,0.5617265223468128,0.30461351829263544,0.2006700186484476,0.06803754052246157,0.13934660286570613,0.3651483716599344,0.0,0.06441566263042156,0.13227056528433662,0.12980429454758607,0.21650635095003165,0.08762187785434022,0.0,0.028410982683258874,0.08350858761788436,0.13746768627359215,0.3372314256667779,0.2680118860889496,0.25062377569405786,0.43186117605059315,0.4185853260349108,0.1756200789794964,0.19045756188573956,0.20669033495180994,0.07413243786671675,0.1078416047356911,0.13225511805210866,0.1195383536129895,0.16433875385422136,0.2540699460506018,0.38477138523247434,0.15538724948218796,0.11860332203845524,0.23358128420108878,0.06326296406725648,0.15937443363287462
273,274,0.06261667673465464,0.736372148819745,0.2791665281288132,0.1831858263694298,0.02125135731194159,0.17066403720561407,0.31622776601683794,0.0,0.06441566263042156,0.13806963033180739,0.03496418006258982,0.12500000002037923,0.16571407142961933,0.06217700042093628,0.03331483023367104,0.07344887228893014,0.08009183355975764,0.18804966088257474,0.24982222340022261,0.2313724066867427,0.3805090910422945,0.40824829041835303,0.13204675641655975,0.1332219304558703,0.1649813953040535,0.11785668383751209,0.16857258827420563,0.14703765494892343,0.13693889948297686,0.18591021274054492,0.29067585216114916,0.45266636974433316,0.14079378116541602,0.1726496827981706,0.2190556524064268,0.0860890532017778,0.1761815823956523
274,275,0.10186689020811472,0.9661478134579325,0.07009796106823729,0.14189513094886977,0.031877035964832656,0.26069362295264586,0.31622776601683794,0.08137884587374196,0.048693663962924044,0.10615835579387023,0.1389033572592646,0.41457809876370216,0.31342704379874853,0.08027016238014605,0.04141576832682454,0.1996707816459219,0.0288474874398827,0.09138328070351606,0.1680846987475059,0.19813549176077558,0.5107752075185723,0.23570226040077086,0.07201455063771713,0.08714144415259234,0.06005306157697383,0.06585206343028835,0.12610285977135063,0.15435032514493996,0.13147729407386513,0.19246491010311254,0.25992937452507814,0.3897900095447672,0.06128658343186499,0.13189036604203308,0.08826232123772243,0.06845225149535131,0.0917711237335262
275,276,0.06673530304013427,0.822466641868338,0.035454184524934255,0.0,0.015026978862078983,0.197065855624096,0.25819888973996535,0.11508706752491564,0.0570983822192274,0.04816072208644963,0.15619451281411442,0.43301270193143915,0.07435667718110033,0.06217700042093628,0.028410982683258874,0.16936413586763488,0.01557942382243227,0.04012995012363816,0.12960736476805318,0.21622284749147805,0.3405982737808435,0.13074409009831697,0.06941519799959726,0.06150493283748129,0.09330003090189527,0.03882228465111038,0.1141343076633014,0.1473291074691211,0.12830218755912234,0.1340082871333556,0.25174805321030186,0.275549563324255,0.0364027826205983,0.10394901862186837,0.05778883053079799,0.0669401637359715,0.07133200476784907
276,277,0.05519895114632133,0.739873266080115,0.03854276208727207,0.0,0.01062567865412296,0.197065855624096,0.25819888973996535,0.14095229571463794,0.07889275245369941,0.027417782050418442,0.08564440042813787,0.3952847075854922,0.03965102070149924,0.08027016238014605,0.0317644442963196,0.10130724502066496,0.013167016328398106,0.033351867303299226,0.0970738370756163,0.28712560579374424,0.2971978406825816,0.11322770343213064,0.07301419638701602,0.07180442926370892,0.08103945629873409,0.04890154414682898,0.16125299849974314,0.16331027267248133,0.1680758828217071,0.151964256592265,0.30634961478627015,0.26386804256995544,0.0614438271265491,0.11966023690836554,0.08241538012099348,0.08223957451510391,0.10376099555812845
277,278,0.048518899008634535,0.7706892912631257,0.039997714486056914,0.0819231920553037,0.015026978862078983,0.26069362295264586,0.223606797749979,0.16275769174748392,0.10329485997000168,0.03052273105885522,0.10714855183399005,0.43301270193143915,0.03237492283306862,0.10769372378609082,0.03479620533251655,0.0952835104767573,0.013167016328398106,0.05946652416112056,0.14097315105883212,0.22352698093481396,0.206254615042058,0.09245003270255589,0.04416208702648647,0.050261486334583654,0.025190135582954132,0.03493796779528548,0.1480386467093664,0.15783266161271842,0.13026058207852678,0.10938475812669068,0.3003488448678589,0.14173789893821281,0.02967597400810134,0.07574594475897019,0.10597457167784476,0.06522043557780323,0.07855541599699739
278,279,0.037224740338755676,0.8121339732750623,0.032069516534303226,0.0819231920553037,0.02375973977768741,0.2413553960098466,0.18257418584523172,0.16275769174748392,0.0,0.03991767420962487,0.16544858022672979,0.35355339059327373,0.019825510351420012,0.10769372378609082,0.050223996291280236,0.1186547401584205,0.005888468714229572,0.09963991420061755,0.24953402616545997,0.26982427465597225,0.27863010080923106,0.06537204504489534,0.043335524493668995,0.029152506207427042,0.037379238992726264,0.08315212380860625,0.13987728063511845,0.1988897636488803,0.20860556969307273,0.25134565443157797,0.4165410553914752,0.07246411350435386,0.026685462472781158,0.10629273162126286,0.0901754894955281,0.04251065502599668,0.0956784740188065
279,280,0.05040253668788823,0.8632739864405867,0.039997714486056914,0.0819231920553037,0.015026978862078983,0.26069362295264586,0.25819888973996535,0.21530818814732916,0.0,0.04375699818670441,0.1715988261089014,0.3952847075854922,0.06674261323695549,0.13431767238040887,0.09738794207152314,0.3060787651864379,0.03171037449327241,0.20595778147479676,0.2509723390605568,0.36436563044547754,0.43186117605059315,0.09245003270255589,0.046508018942648194,0.04651130977354411,0.04434349157217895,0.11050315033733597,0.08338664337710992,0.12204196483201954,0.16473518882655225,0.2696836428472859,0.3651671252476102,0.10758481568322532,0.0846456359882184,0.045364330191211714,0.12495386294488786,0.036081581091712424,0.09619948084175169
280,281,0.04072614047220754,0.8659579359284615,0.02618465060985307,0.0819231920553037,0.031877035964832656,0.2413553960098466,0.3651483716599344,0.18196863130416527,0.0,0.0268255355008587,0.3275065658071773,0.41457809876370216,0.15860408281940475,0.12435400085088318,0.10341753799421326,0.39219356118481224,0.07187792085763407,0.21610639512455915,0.19571028608385296,0.39174202354477466,0.5107752075185723,0.09245003270255589,0.10574300743292159,0.1180747864419156,0.1921287129427923,0.1546986044240575,0.1903722950901931,0.15148291083622234,0.17760303531533947,0.267877453305074,0.3981669902590478,0.13947553390677514,0.17737110532362088,0.11178900160448933,0.21140789719217076,0.04127142804541313,0.11094199612655409
281,282,0.03658472575058849,0.7745730732750168,0.1136345456508381,0.0819231920553037,0.06635734192780603,0.27869320567709743,0.6831300510857311,0.2819045914170199,0.0,0.05262329330919561,0.079863815201494,0.2795084971844357,0.12454881493989278,0.09497693697338017,0.04492170792135011,0.16819474924717212,0.3252013139851066,0.17765351768035342,0.3016548786035327,0.2932746031837864,0.5107752075185723,0.09245003270255589,0.16241061926815775,0.17834956554982184,0.14482641714172284,0.12692439511309367,0.1314514445053308,0.11593371537357133,0.10477784012471476,0.10544902491509779,0.247103360317112,0.21682742970312305,0.12021691040760149,0.11973064003999712,0.16283535453240053,0.04266563812690977,0.14597691812038413
282,283,0.03538130971763789,0.7179825438654087,0.28822945700808744,0.16384638409477778,0.03975764902766078,0.2413553960098466,0.6708203932831727,0.18196863130416527,0.0,0.017561435282071994,0.1578868104950559,0.21650635095003165,0.31654662545943313,0.08793155726296574,0.052194307999581656,0.5402241249536223,0.3345562403555863,0.2515702021614049,0.21862031051317185,0.41518294002389816,0.5700275173582968,0.2773500981157064,0.20838566485025656,0.1938976936693689,0.24608140699228076,0.060155012623789486,0.17197999882788725,0.10449708746441819,0.0759768764344568,0.08471028862494337,0.1796545817480808,0.3592149925951922,0.09238727484466082,0.13242809984766782,0.27885705395118376,0.05808050070111844,0.1906553897014345
283,284,0.029339427657270205,0.5674991616681955,0.17597695696955484,0.23171377853262612,0.056225806462987374,0.09853292782164962,0.38729833459195867,0.14095229571463794,0.0,0.0,0.05552306432768547,0.25000000001358613,0.024549500737018153,0.05076730825235768,0.02657604080716509,0.07344887228893014,0.10648201193921693,0.35476927559028676,0.28160579375025463,0.28774641864686634,0.34883216317688776,0.49785866251032507,0.27832922112783254,0.253371059763394,0.3414306565125035,0.1499858617205973,0.13285203961310108,0.15063155433942937,0.17146687483028722,0.20806838498285085,0.3170089898738635,0.4536775524354957,0.12644479481332513,0.18809963188592968,0.21508179541746064,0.07938979985956636,0.1708633991073205
284,285,0.07512673874209318,0.49273710628733625,0.14302029633886323,0.23171377853262612,0.031877035964832656,0.0,0.3651483716599344,0.0,0.0,0.0,0.051551871029909865,0.12500000002037923,0.0,0.05076730825235768,0.02246085395880017,0.025649458798892244,0.17015535041382204,0.22063008679292814,0.23811963942148828,0.1963259972900641,0.2491921817381404,0.6634537965859323,0.0,0.0,0.2921766369686307,0.11882492986802658,0.1574974981166153,0.1655582462469802,0.14514889174793502,0.2635725342786075,0.353412311883441,0.45335860517274224,0.1623806855138467,0.19101199960253498,0.2842804806378887,0.09235993079626782,0.21813487621215766
285,286,0.1025601322559303,0.7238332253894335,0.07170961898456915,0.30652851669336606,0.028112903231493687,0.13934660286570613,0.25819888973996535,0.14095229571463794,0.0,0.0,0.11270894395552847,0.2795084971844357,0.05295056946135888,0.05076730825235768,0.028410982683258874,0.025649458798892244,0.052668065316740884,0.15875179284534396,0.16869896018657254,0.16684501521289138,0.5410298833615454,0.3459163478399086,0.0,0.0,0.08655171702510867,0.07509312186291038,0.10386132213790686,0.10927018762578296,0.10400714049409118,0.1618662599227907,0.21674963610632283,0.4480119916209201,0.07864738023258112,0.16146645551786093,0.17103624161704403,0.10424906451130282,0.1564616512675446
286,287,0.06265857481511772,0.9175964630890879,0.13605943567782458,0.25906388008617054,0.0,0.2413553960098466,0.4281744192280888,0.23017413506484177,0.0,0.0,0.0622903627709268,0.21650635095003165,0.12475902406853666,0.05076730825235768,0.12053759109303555,0.016222142111443,0.06557121252074144,0.06670373460659845,0.09254000960003697,0.19813549176077558,0.4659570556308671,0.13074409009831697,0.0,0.0,0.11208156420968471,0.08823326123275542,0.1997937575134015,0.20428212716749117,0.16969969091743414,0.1929469137746096,0.3174545403310343,0.39025225151566445,0.05601672801649808,0.1200519961338885,0.15302200715068598,0.08771915325272504,0.10617034287971971
287,288,0.036720768848576606,0.7434385029613114,0.03703068801040547,0.0819231920553037,0.0,0.27869320567709743,0.28867513460124894,0.14095229571463794,0.0,0.007604324541054514,0.0683912853952224,0.21650635095003165,0.15744334732759976,0.08793155726296574,0.04261647402686461,0.028097574338649865,0.02355387485832632,0.03689688299924534,0.03484164598261348,0.28836589493644493,0.4725548620390518,0.09245003270255589,0.0,0.0,0.10777246616879296,0.037157402876947486,0.10304912623561208,0.152196033678155,0.13030339798520235,0.10715098132202959,0.2637397956747378,0.23897382303593645,0.0545276641657353,0.06839900087070418,0.06238594669518274,0.06737535883828492,0.10376099555812845
288,289,0.028458543987049258,0.5762160849974051,0.039997714486056914,0.0,0.01062567865412296,0.2955987834393446,0.25819888973996535,0.11508706752491564,0.058381652149449834,0.0,0.10258692808523127,0.35355339059327373,0.07000024331177798,0.10769372378609082,0.010044799258591437,0.03973597070795067,0.019529841316544134,0.03457395011525453,0.06766951720415616,0.24044925832604339,0.4592886784255007,0.13074409009831697,0.0,0.0,0.06581375307203681,0.056400012029345976,0.09580736304692845,0.11628492405177186,0.23290992672511665,0.11908158769530382,0.3120801066178812,0.2043043873523328,0.04425903898091722,0.05762895887867233,0.08172538725170092,0.05966549862994804,0.0726898646629045
289,290,0.023251358156532512,0.5009010552922686,0.02618465060985307,0.0,0.01062567865412296,0.27869320567709743,0.12909944485918906,0.11508706752491564,0.073847597750746,0.019137130424216286,0.1757306422884424,0.3952847075854922,0.06269376848573247,0.10769372378609082,0.02657604080716509,0.028097574338649865,0.019529841316544134,0.06070986121458008,0.17959257020685646,0.22748351784453325,0.5924187628980169,0.11322770343213064,0.0,0.0,0.046017415957664294,0.07994693897882357,0.09084985269353321,0.09304816220635224,0.08665655601953565,0.20265893766439913,0.25727958519844885,0.15141700655445528,0.038110090666467214,0.03236108055531195,0.13188104088000374,0.03253224408285035,0.06490770196218089
290,291,0.016520811858809985,0.47075222860903654,0.010689838846007072,0.0,0.015026978862078983,0.3115884764413859,0.25819888973996535,0.0,0.10551854438178124,0.0430911724019739,0.25868562456547095,0.37499999998867817,0.06943647378355872,0.12435400085088318,0.03479620533251655,0.04442616582557054,0.014423743715630164,0.08795807400174947,0.23071411327065522,0.3172418608806402,0.41042197451787377,0.06537204504489534,0.0,0.0,0.04808904718481014,0.052729459061281334,0.08919583203043498,0.07133841324901471,0.061511599507694165,0.09836184428351874,0.18570846103388564,0.1010545107126132,0.06307664717852304,0.03446278923430182,0.11364505905582743,0.03569968010480146,0.08973031701273597
291,292,0.03199241459999501,0.4893457256068795,0.010689838846007072,0.2006700186484476,0.04250271461926359,0.32679675110274226,0.3651483716599344,0.11508706752491564,0.13141276331820775,0.09937481259939739,0.12959939419445565,0.3952847075854922,0.7277699750079133,0.14359163171912298,0.08283153666585066,0.06786208924576088,0.059761430464737725,0.33409064001733785,0.3904631677724981,0.37546069726675935,0.13006944328412365,0.11322770343213064,0.0,0.0,0.42052874583240957,0.07310277066985507,0.23422645580238838,0.22153817924417385,0.12087246292267805,0.1612451549644498,0.34781498678861844,0.20473200617444787,0.33737013960020584,0.19140355389456712,0.2226307784479124,0.05104561325317017,0.12117901113181605
292,293,0.05880841403623247,0.4413652988371244,0.010689838846007072,0.0,0.03975764902766078,0.36867645720380976,0.34156502554286555,0.18196863130416527,0.042635930440400406,0.035847129663884494,0.0494468176417695,0.3061862178534438,0.16024769234450711,0.09497693697338017,0.04378426487365932,0.06977407148180378,0.13683564758682354,0.2247676107062621,0.5547817336808233,0.21786715140348512,0.32370802938764276,0.0,0.0,0.0,0.1735775167070526,0.07220056034555264,0.13343708737842105,0.1518598370327749,0.12519630976308949,0.09938921532978426,0.22786879755976253,0.3090663432377186,0.1889405053476777,0.15940470132118284,0.2053710891969201,0.06770384880818062,0.14568980660790004
293,294,0.04424703048071574,0.17619310065178254,0.032069516534303226,0.0819231920553037,0.04508093658536587,0.2955987834393446,0.4472135955498116,0.46034827009215734,0.015074077768302536,0.02281297362357169,0.14174421075222787,0.21650635095003165,0.5392635998949113,0.10153461651023321,0.0317644442963196,0.44750771822789925,0.018620973067608595,0.33627005354198897,0.43006169649939685,0.14010294981777577,0.288010709203407,0.1461763365485643,0.0,0.0,0.1736770555360654,0.08650006534650613,0.056345400648805846,0.05736377035227355,0.10584603373062239,0.07830756969528817,0.21199763253559853,0.4153450382449528,0.1266103954954016,0.13669403462126065,0.21457573633317525,0.07408123966675739,0.15015954247733707
294,295,0.12172650495890214,0.42108347985915257,0.3920417329714876,0.4013400372645831,0.04250271461926359,0.3413280743447064,0.4654746681575633,0.34526120258475396,0.021317965220200203,0.044122560083704535,0.055999665908312464,0.21650635095003165,0.14827219837841707,0.09497693697338017,0.03479620533251655,0.86328625465185,0.6193258381208339,0.4565710876720315,0.2761508168264892,0.6185336438594089,0.6956047898508382,0.35203923633351564,0.0,0.0,0.22497142276530258,0.05803926699852322,0.10816132209570527,0.04285929376458033,0.04879892514515929,0.05579612483448141,0.11937250999708225,0.4355592706421964,0.13637497778064706,0.13850375847976867,0.23163426379331523,0.07687496403760288,0.17502608041615203
295,296,0.1188686256250613,0.5823813226315254,0.2500142836888548,0.317287158498343,0.04983885061890565,0.17066403720561407,0.38729833459195867,0.18196863130416527,0.0,0.022386525298015388,0.029162142076188172,0.12500000002037923,0.010237849522468806,0.0,0.024604632753605013,0.05619514868924388,0.4138299180782283,0.24868288181207374,0.2988238362291299,0.38716008787163486,0.34883216317688776,0.3698001308644845,0.0,0.0,0.1358451566047315,0.038748080732620746,0.14009789756116334,0.11582673686671442,0.08758164725250668,0.10376861051444564,0.17761673115073098,0.23671783983672653,0.11990567223109039,0.10088973287174932,0.146354536412672,0.06411304717861563,0.1262617479108667
296,297,0.07726902215308862,0.4356977969873752,0.17269963185341639,0.1831858263694298,0.031877035964832656,0.09853292782164962,0.31622776601683794,0.14095229571463794,0.021317965220200203,0.0,0.10310374207999101,0.17677669528703,0.08348713632644959,0.05076730825235768,0.017398102666742372,0.05619514868924388,0.10533613064135286,0.20668199549166466,0.38364891273795565,0.16029950553456335,0.34883216317688776,0.3202563076079429,0.0,0.0,0.19040717537658725,0.08669056310971471,0.1405875113996811,0.15684733068508466,0.19786179072823823,0.18519338684582765,0.3214482755853508,0.3466275257747951,0.1724269984505174,0.14481748655959084,0.24632168022577458,0.08028445798445182,0.08578125131908397
297,298,0.1160828398230553,0.6693237774861542,0.12281689785680021,0.32769276818955556,0.02602749087036685,0.27869320567709743,0.28867513460124894,0.18196863130416527,0.054350360325369065,0.021804957713053203,0.12329414312892338,0.21650635095003165,0.2119877710577774,0.0,0.04603105294203374,0.13907589746515867,0.043271231147848525,0.2301686417759573,0.274401664740732,0.19079457430748342,0.5643211876856938,0.3202563076079429,0.0,0.0,0.08784467733656313,0.08838001658568552,0.06214062548315369,0.1314298851291053,0.1534291029830539,0.16103902998283542,0.3128222719929335,0.4293248047822502,0.10035164412203018,0.12168087753059069,0.16054010891592468,0.09289107400769923,0.19021227372699695
298,299,0.14762448176404253,0.7318028201141249,0.05126666611797646,0.23171377853262612,0.01840421529384105,0.26069362295264586,0.28867513460124894,0.18196863130416527,0.042635930440400406,0.0,0.1943990912729615,0.17677669528703,0.1238102724560479,0.0,0.017398102666742372,0.09867543817795246,0.02824010388433009,0.11008906492445687,0.14598817205601722,0.18605947946848186,0.41042197451787377,0.1461763365485643,0.0,0.0,0.12275008614840935,0.09230991674592635,0.10617227958122541,0.13646146992151276,0.05369085920271617,0.0,0.30958040268045656,0.345337444461054,0.0,0.11074498408629067,0.06760616160568,0.07058614180919032,0.14053074052383993
299,300,0.08559973549639549,0.4513901705441105,0.03703068801040547,0.11585688926631306,0.01062567865412296,0.2955987834393446,0.18257418584523172,0.18196863130416527,0.030148155536605072,0.0,0.13122963933967716,0.2795084971844357,0.03691309140806648,0.03589790793563333,0.02246085395880017,0.034412360079557704,0.016655104635541873,0.016298316387312394,0.06666562732534095,0.35644369212118643,0.5107752075185723,0.11322770343213064,0.0,0.0,0.06669494552496406,0.05543526946581137,0.13981006298302656,0.13665292911400392,0.10728908046835114,0.11734681396951853,0.2136324695814151,0.14694204906206107,0.03065470057135209,0.06559067400201309,0.051451979563329656,0.044397170183135666,0.11275168189904584
300,301,0.06363523888566928,0.4367452603993535,0.04275935538681677,0.0,0.01840421529384105,0.3115884764413859,0.31622776601683794,0.14095229571463794,0.015074077768302536,0.0,0.1078900731507803,0.25000000001358613,0.03395510552771393,0.13431767238040887,0.030134397771861433,0.04588314676949281,0.005888468714229572,0.06938758171555248,0.07486577587056131,0.22432387110494004,0.25923592791590505,0.11322770343213064,0.0,0.0,0.05191955934606742,0.06139331492021452,0.10622036342899012,0.11849632807076088,0.06959289690112819,0.1037306943965269,0.1944287020075835,0.1784996474274164,0.027235588942295663,0.08191425143639126,0.07454217539287257,0.04563923837852699,0.06404469317708066
301,302,0.04647449008082355,0.42390953943919,0.0185153440060077,0.0,0.02125135731194159,0.2955987834393446,0.223606797749979,0.16275769174748392,0.039882261020514564,0.01963428153777366,0.145628332909668,0.43301270193143915,0.03898456952686795,0.11905989135298344,0.03331483023367104,0.05129891759909291,0.0,0.05645902411824675,0.14405949825616673,0.2610854189693856,0.15751828736876292,0.11322770343213064,0.0,0.0,0.07058212983627965,0.024404594937869215,0.14308268440186128,0.17533752129470187,0.11373430024607406,0.1611318357464457,0.265147100214176,0.16410455811652253,0.027034436259448458,0.08290968842685091,0.12592092379270337,0.049862610052008365,0.054700118273010225
302,303,0.028706453385816465,0.3137250072720974,0.02618465060985307,0.0819231920553037,0.02375973977768741,0.3115884764413859,0.34156502554286555,0.08137884587374196,0.04766841937434393,0.02658494287905295,0.21761973754721545,0.5,0.03931920716307694,0.1721603184726541,0.04261647402686461,0.04729526514335813,0.005888468714229572,0.07010170943215095,0.3148442170949208,0.33154409158080544,0.15751828736876292,0.11322770343213064,0.0,0.0,0.06772578283594331,0.10146676147503812,0.13378141766044266,0.181444874313389,0.13513250338625987,0.35259725501333283,0.2839502212460342,0.14614139104966245,0.0504899511306508,0.07906627929636814,0.1661142699719502,0.040671512026541845,0.13845412420707598
303,304,0.04927034259611307,0.3219872407299008,0.02618465060985307,0.25906388008617054,0.01062567865412296,0.3115884764413859,0.34156502554286555,0.11508706752491564,0.09884733827228064,0.3540709388742414,0.35574526461554895,0.43301270193143915,0.245174587350008,0.16837611308605638,0.13135279462610752,0.16018081886055086,0.14543444886008555,0.10609565536036314,0.2522407355099617,0.4937149594017696,0.3805090910422945,0.11322770343213064,0.0,0.0,0.15474396796250228,0.13538727250460655,0.11202455916007485,0.12918486928349804,0.23854707198485128,0.259973337427616,0.45829277001427193,0.20944255843870915,0.1750250546356527,0.14482357438827229,0.251547218197337,0.05025372015544975,0.1632378273277832
304,305,0.060593155952954364,0.2715683537763048,0.0185153440060077,0.0,0.036808430588748955,0.2413553960098466,0.28867513460124894,0.08137884587374196,0.07832720571089814,0.041650600859492314,0.06877877452701045,0.3307189138959115,0.2680968122495803,0.09497693697338017,0.09095952590960023,0.15432365168173423,0.2765700358846809,0.32489499014589435,0.1966063682206946,0.26582665699071095,0.5290880091160024,0.06537204504489534,0.0,0.0,0.42493585830209524,0.10497687406070447,0.19925719677718154,0.14931223695304557,0.11975736325610623,0.17539757933664704,0.29431335509539513,0.22557347413501527,0.30757101044894763,0.2173754099920787,0.2297344663665914,0.04756669232728986,0.05531808184777488
305,306,0.07791167337303784,0.1141124218092441,0.0185153440060077,0.11585688926631306,0.05095896464911635,0.22032632461411292,0.31622776601683794,0.5336367790021849,0.030148155536605072,0.005667928865041667,0.3579793996028007,0.0,0.035093580091114525,0.10153461651023321,0.017398102666742372,0.02294157338328355,0.5009699330059073,0.3262208895258637,0.4598946557125455,0.17106960818569814,0.21745023771680147,0.18490006541716975,0.0,0.0,0.17732127292618347,0.11626424889780294,0.07160495340750937,0.08188760753764478,0.12073583646148976,0.12735905411390389,0.254123634051786,0.24043304142941252,0.13071462742683343,0.10569095590142599,0.21208577557100006,0.04898326419632197,0.1299147325374894
306,307,0.08417761133408509,0.31717762264167243,0.24069947208652134,0.245769576155358,0.03975764902766078,0.27869320567709743,0.7852812659640485,0.21530818814732916,0.0499950600196438,0.08349380590641732,0.13283987920377519,0.25000000001358613,0.18242342559292557,0.1564753529616306,0.08814275577245152,0.01986798535313076,0.17218108069729418,0.4277531870459169,0.342935842270407,0.30108061386368834,0.1703821757277434,0.23570226040077086,0.0,0.0,0.18688819314484165,0.07496464764946423,0.11988129315881924,0.055552897335065576,0.06069062619639023,0.12504716091353357,0.1569924938110872,0.19234465530844336,0.07622164710947464,0.08347999521335099,0.18690499949522532,0.040225549391729946,0.11649722755711499
307,308,0.12816433591828852,0.6168039869703412,0.1836040116449534,0.245769576155358,0.04508093658536587,0.13934660286570613,0.4281744192280888,0.18196863130416527,0.042635930440400406,0.010139099388378798,0.0622903627709268,0.12500000002037923,0.008866237768079405,0.08027016238014605,0.028410982683258874,0.011470786690910348,0.18741618562508894,0.22733814562633375,0.1689219188382954,0.40208237408902364,0.15751828736876292,0.33968311023075654,0.0,0.0,0.2359576075228023,0.05553300890405116,0.15256552792549904,0.16289264127985958,0.09018239726070801,0.10245624304849978,0.16749906923766752,0.28415672442535594,0.10876437015781386,0.08859289956852096,0.1841847754311569,0.06582370958304044,0.0778314174237949
308,309,0.0698668539666838,0.31532066138024645,0.10953825235651941,0.2717084896374843,0.04508093658536587,0.09853292782164962,0.3651483716599344,0.14095229571463794,0.021317965220200203,0.03602591944926139,0.029162142076188172,0.12500000002037923,0.015356774284568678,0.06217700042093628,0.02657604080716509,0.011470786690910348,0.19529841316544133,0.30792066285958214,0.29539679498322763,0.3478289963679895,0.3062029946383569,0.38118124997123676,0.0,0.0,0.13596263344688814,0.10789618765243796,0.11808133205395427,0.1549893176840779,0.11304993532778004,0.11422136046943972,0.3064733543358531,0.3219177638669428,0.1319092035242251,0.14605176902679032,0.19586425006685607,0.06549310033682361,0.1144895316150029
309,310,0.0672836070007084,0.6510933521308073,0.05554603201694982,0.30652851669336606,0.031877035964832656,0.0,0.34156502554286555,0.0,0.0,0.0,0.017858091973302164,0.3952847075854922,0.10212222826684574,0.11351915231163444,0.024604632753605013,0.0,0.0716363137175164,0.06192824074813886,0.1265551043511828,0.2944889959844909,0.1703821757277434,0.21681454518698828,0.0,0.0,0.095893408246207,0.05322458221753032,0.22988753496437273,0.18973899536830996,0.1702766210414592,0.19563590392839866,0.27616133756218736,0.3250646773655447,0.15071646712905437,0.1505889458616933,0.263087010451242,0.0627153196738527,0.10452913696818315
310,311,0.0909799220148249,0.6483332922623991,0.021379677692014144,0.317287158498343,0.03360134623206104,0.09853292782164962,0.3651483716599344,0.24413653759292184,0.0,0.01411302906388464,0.12155751916818368,0.0,0.09424940028308484,0.07179581586346322,0.04017919703101185,0.02294157338328355,0.03770459674742749,0.1118098953387999,0.18197597770541665,0.3004873510251908,0.23889404266747608,0.13074409009831697,0.0,0.0,0.15429801679914545,0.11090409030653514,0.15141614957630076,0.1859001351147382,0.1407856612171661,0.20645326545749698,0.2983182894049531,0.3712734083256308,0.09727086494131489,0.1290821540521869,0.09975253936314633,0.07176445187221576,0.10755102407422897
311,312,0.08923238561686489,0.6452318163895765,0.010689838846007072,0.16384638409477778,0.02602749087036685,0.0,0.12909944485918906,0.08137884587374196,0.030148155536605072,0.0,0.14798170889522613,0.3061862178534438,0.0921406457143358,0.07179581586346322,0.0317644442963196,0.034412360079557704,0.021231175883901266,0.05631180346907904,0.07960917991497288,0.2382124724438229,0.2971978406825816,0.0,0.0,0.0,0.06801303157154835,0.08496078735017304,0.15635905000283967,0.15702028072474813,0.1310485622768421,0.13519727024511477,0.281315397391917,0.30649399713832687,0.07073597594284138,0.10805416933631914,0.08000836799558524,0.0663916629758007,0.06465757501544515
312,313,0.07632928653802029,0.5882884660663827,0.021379677692014144,0.16384638409477778,0.02602749087036685,0.0,0.18257418584523172,0.0,0.026109068574905622,0.0,0.21192772914034316,0.3307189138959115,0.07148189413837745,0.08027016238014605,0.030134397771861433,0.034412360079557704,0.013167016328398106,0.036444143356868214,0.10273961296202694,0.44944251297954574,0.1827601045038696,0.0,0.0,0.0,0.09112971754521391,0.07756504875890383,0.11946268327017659,0.1596538229942909,0.18861463456523253,0.23780530414818016,0.3292744638793415,0.24413014738771535,0.026716949466694336,0.11608690910746487,0.09407164397572558,0.07028907357297007,0.10513703028110573
313,314,0.055931033383586924,0.4389146119214807,0.021379677692014144,0.0,0.01840421529384105,0.0,0.223606797749979,0.08137884587374196,0.026109068574905622,0.010139099388378798,0.28348842150445575,0.4841229182145383,0.0454979984910124,0.08793155726296574,0.030134397771861433,0.036273812497222564,0.01557942382243227,0.028229512061680243,0.19092789858016831,0.41775375676393184,0.23889404266747608,0.0,0.0,0.0,0.07122429340321199,0.08504411567592239,0.12475539978262537,0.15555023188432904,0.14475860092413492,0.27753823941946465,0.30506236461818753,0.20139923403188656,0.06523764365336134,0.1351646410319775,0.17825481831315937,0.06403265460973921,0.08355443911751015
314,315,0.035195384577985295,0.34080656782572927,0.02618465060985307,0.0,0.035241389241957265,0.0,0.25819888973996535,0.14095229571463794,0.073847597750746,0.06311538469579996,0.32774991437565654,0.41457809876370216,0.04158634135262783,0.13903199955809817,0.037584197343673686,0.034412360079557704,0.010199126993451253,0.053592720615848924,0.22180563089293237,0.4086851533984807,0.22832114183507882,0.0,0.0,0.0,0.08496218645484321,0.12073708074516121,0.12091850460119513,0.12134163735332085,0.16385608996959494,0.24532669071883131,0.3633699099059015,0.14295386260850237,0.08685366354473315,0.11037044973558865,0.23360284894773442,0.053478398477128666,0.17075820609032946
315,316,0.038506933920737084,0.35567416385577605,0.021379677692014144,0.0819231920553037,0.0,0.13934660286570613,0.31622776601683794,0.08137884587374196,0.16374639790907317,0.2328270381562309,0.24377004187998935,0.43301270193143915,0.10428042551475268,0.25636234022177945,0.09422856948565436,0.016222142111443,0.03533081228866284,0.13745289265166474,0.19133413875431673,0.570822815583731,0.43186117605059315,0.06537204504489534,0.0,0.0,0.10984866509222473,0.15808194617777357,0.16360377872168985,0.11209134234118802,0.10124658318605213,0.3075860276657509,0.31067170882999984,0.10135378435045565,0.16784464140351482,0.07426785398400707,0.20152547746957725,0.02557363995684978,0.13135173438431497
316,317,0.0705583442966893,0.22766620111741914,0.0185153440060077,0.11585688926631306,0.06103987669316456,0.0,0.40824829041835314,0.1993366482819293,0.08789622233492503,0.10161254462901097,0.12648606387176628,0.35355339059327373,0.10365032654000218,0.11905989135298344,0.07031359480127619,0.01986798535313076,0.47162921804981534,0.25853517429982764,0.26311684416457254,0.4328581373278837,0.7381686096082403,0.0,0.0,0.0,0.4097859995592244,0.16749044653272344,0.17123520970823264,0.12370311515148778,0.2427667217355522,0.15450337793987748,0.42582728226647165,0.2103307412541025,0.3453572993785504,0.3290871633793908,0.3348802293128039,0.045909378524347136,0.09236665966136419
317,318,0.07792851367601074,0.10122810679626283,0.0185153440060077,0.11585688926631306,0.06803754052246157,0.0,0.223606797749979,0.3255153835161958,0.015074077768302536,0.021804957713053203,0.12669599938908538,0.12500000002037923,0.06615108653290999,0.09497693697338017,0.02246085395880017,0.011470786690910348,0.08753838072491775,0.11001363561358773,0.3550902836034456,0.27441456732844755,0.1827601045038696,0.0,0.0,0.0,0.16923838167067326,0.11268427233888934,0.0709787443649826,0.09040345212585583,0.10610571683026084,0.19594955069405,0.203449459431459,0.3113247130353798,0.1311621692423671,0.09498372604725548,0.20659945353233813,0.05311899974091148,0.0958287685540419
318,319,0.12833827073784357,0.12006204598649671,0.3214070311899421,0.2837902618886003,0.060107915448969235,0.0,0.5163977794799307,0.11508706752491564,0.06570638165322067,0.06725517677173283,0.29325720346654127,0.3061862178534438,0.8466986278614453,0.07179581586346322,0.04817316492655403,0.025649458798892244,0.47419542776863916,0.31382195534730734,0.3194411245230122,0.22352698093481396,0.19470331085019985,0.2849501380871998,0.0,0.0,0.20847743485404766,0.0701121611841201,0.07040382126324095,0.06532774602660436,0.0619227473384791,0.13187481997001815,0.1343077794662858,0.3323751894255194,0.0801735755942157,0.10720615848373657,0.21192594573288245,0.0637365727121099,0.09433669740497762
319,320,0.0959772437966564,0.17649893269905786,0.215924160429982,0.16384638409477778,0.03005395772285135,0.0,0.31622776601683794,0.0,0.0499950600196438,0.0,0.09644471953671291,0.12500000002037923,0.17930856199707945,0.03589790793563333,0.047114284744614814,0.032444284222886,0.6632831382999286,0.381946967275164,0.26668770284976523,0.2664970909944988,0.1827601045038696,0.4029803499106671,0.0,0.0,0.14947500723185903,0.06350181291390242,0.161017672230736,0.1163442544740159,0.0872941710887105,0.1,0.18380325582761478,0.24501554558311145,0.05328235068817184,0.08034675273467601,0.141516544539844,0.035094717182731265,0.0958287685540419
320,321,0.11536166646629643,0.4658352121361398,0.2633695147284168,0.245769576155358,0.036808430588748955,0.0,0.223606797749979,0.0,0.026109068574905622,0.0,0.12564281404006658,0.0,0.10822622441567818,0.07179581586346322,0.02246085395880017,0.016222142111443,0.1355627301756887,0.2055947178324295,0.3255070550029099,0.2889840433383301,0.2971978406825816,0.33968311023075654,0.0,0.0,0.1941874308698704,0.11090409030653514,0.17435013417093442,0.14490837927100297,0.13846347241790966,0.2128780002505059,0.2853669242081234,0.28809429034931,0.049646490816133176,0.07083401206093752,0.21486102360316928,0.04622841127818923,0.12659777339838035
321,322,0.15732349584522856,0.7562510653494386,0.21245634505338282,0.317287158498343,0.04869297674521434,0.0,0.34156502554286555,0.0,0.026109068574905622,0.0,0.10232754226765067,0.2795084971844357,0.1701609436346764,0.03589790793563333,0.02246085395880017,0.016222142111443,0.06287164125121482,0.20401397599309684,0.19234687485411794,0.17210955460543537,0.3062029946383569,0.22645540683964802,0.09383255393400686,0.1173690745758929,0.07819839108797197,0.12129066949532741,0.07528076149290983,0.10974333474132622,0.11504835737447426,0.15304288147854572,0.24492351580657018,0.23624056173292568,0.04113854304595986,0.07436311836088033,0.10332666989751578,0.06281281261823737,0.09233173447204682
322,323,0.1302059932194413,0.9406432261620101,0.09501336595182844,0.2837902618886003,0.015026978862078983,0.0,0.3651483716599344,0.16275769174748392,0.042635930440400406,0.0,0.14416100751117294,0.25000000001358613,0.3729444970996972,0.07179581586346322,0.028410982683258874,0.011470786690910348,0.03770459674742749,0.06866602746158558,0.18553363018897565,0.2610854189693856,0.6609707429858807,0.1461763365485643,0.0,0.0,0.060466850021272875,0.03016800272656256,0.19167100890705496,0.16028261796222573,0.08331935835661643,0.09483517644442593,0.2148937612352544,0.28255366297404033,0.03477345186346764,0.10366004618192341,0.10593234321031211,0.0697779676343775,0.0726898646629045
323,324,0.13642660733398787,0.81213212859753,0.046595927256318614,0.16384638409477778,0.0,0.0,0.34156502554286555,0.08137884587374196,0.039882261020514564,0.004390358820783101,0.147802010310435,0.25000000001358613,0.06269376848573247,0.07179581586346322,0.0317644442963196,0.030348848927524125,0.01177693742916316,0.0444484103516722,0.11395677814936545,0.3320818763555376,0.49828263875847817,0.11322770343213064,0.0,0.0,0.0935035108131272,0.0977074192557098,0.14085010419920108,0.20069671839227546,0.1683171752188592,0.2140638400348274,0.30511223994407066,0.2893549879424403,0.025536496531810615,0.09901937359337429,0.0813398165636343,0.06608116757966266,0.12828824092073282
324,325,0.11323780621523839,0.6079307589983078,0.03023543015318367,0.14189513094886977,0.01062567865412296,0.0,0.18257418584523172,0.08137884587374196,0.058381652149449834,0.007169425933296391,0.12286228841691937,0.3307189138959115,0.04520911938923835,0.05076730825235768,0.03479620533251655,0.036273812497222564,0.010199126993451253,0.0495693941122429,0.1201538150774805,0.3745089576124567,0.23889404266747608,0.1461763365485643,0.0,0.0,0.0617673611832135,0.0807953334984429,0.12471819917098295,0.17403510006563788,0.25229597631239536,0.30416172676618364,0.4113070047478568,0.26450834452024957,0.04038934124500079,0.1366096604244889,0.14173685392003216,0.05371217047176608,0.1536319940944352
325,326,0.061942453296161465,0.4488173293080731,0.04275935538681677,0.11585688926631306,0.015026978862078983,0.0,0.25819888973996535,0.16275769174748392,0.09999012003619479,0.02404698561684685,0.13243915467089287,0.35355339059327373,0.04989310691829784,0.13903199955809817,0.04817316492655403,0.034412360079557704,0.01177693742916316,0.03886900729306626,0.15340900444755853,0.4034115756619841,0.206254615042058,0.06537204504489534,0.0,0.0,0.05700645477886217,0.1118560742077997,0.10568397961133592,0.1426196528480021,0.19676028673507456,0.34910600109093004,0.3744253547757782,0.22703730176436787,0.07220695428747134,0.1467944210483225,0.16082218784682414,0.048296334082093564,0.10640706634484358
326,327,0.04146057928378624,0.43131582636501375,0.04275935538681677,0.0,0.015026978862078983,0.0,0.28867513460124894,0.08137884587374196,0.1445854746921855,0.05576504663395451,0.15568323643475346,0.467707173364898,0.048019770749102686,0.16450488038516148,0.052194307999581656,0.032444284222886,0.01557942382243227,0.11225446924646475,0.19838919984425424,0.4232702971926807,0.2491921817381404,0.13074409009831697,0.0,0.0,0.08487543325961466,0.12115495505482866,0.13779496573909886,0.1311787320922115,0.2122561524258359,0.30721432236800184,0.41457172946590204,0.15399129852486115,0.10595406163713464,0.10212071093393987,0.2425898665044814,0.053114686152759175,0.1190701211922905
327,328,0.04759048311895476,0.364744983669131,0.015117715075605954,0.14189513094886977,0.015026978862078983,0.0,0.28867513460124894,0.0,0.12967212006959664,0.2865977456286419,0.14762209298089635,0.6249999999932069,0.11829036580494666,0.235398324396128,0.11627695793263826,0.028097574338649865,0.19968768959060382,0.3081901304525524,0.35729544477370123,0.5286239257155494,0.32370802938764276,0.0,0.0,0.0,0.21032183473997448,0.12598484646401162,0.07052137966317427,0.0892890243292867,0.18483923771850894,0.2504712539408526,0.3912521976281347,0.14195610500335867,0.11279313943050834,0.10706221900551038,0.279306667020812,0.05761948761595192,0.25849327736165456
328,329,0.00485999665656649,0.10844459024052847,0.010689838846007072,0.11585688926631306,0.060107915448969235,0.0,0.223606797749979,0.14095229571463794,0.0499950600196438,0.04611618639306074,0.0326042660259318,0.3061862178534438,0.03028396728895252,0.12943174770918306,0.028410982683258874,0.016222142111443,0.05648020776866018,0.09165539033359503,0.3716495186589543,0.23367467642223158,0.3649107694106044,0.0,0.0,0.0,0.300152443781591,0.10659031052447455,0.1895256870845009,0.11425884316163867,0.1173535435802946,0.16071417226690743,0.2665498593223074,0.18844725391150224,0.32894725828617644,0.24745220303271767,0.2154570952148454,0.036041417116633216,0.062364238864257404
329,330,0.017966656780403937,0.05022779433048255,0.03023543015318367,0.11585688926631306,0.04508093658536587,0.0,0.5,0.37292472120309655,0.03370666259033649,0.0,0.19630367649181646,0.3061862178534438,0.64470007250742,0.12943174770918306,0.020089598515505926,0.0,0.21635615574882308,0.29319987163518946,0.23402850796503705,0.3820564962527351,0.34883216317688776,0.11322770343213064,0.0,0.0,0.2551935120945088,0.137906321494353,0.18501537524317707,0.16116291646091432,0.15331229359020804,0.13726099121410454,0.3728371334317226,0.3571795078390587,0.18385223764668,0.13620686956612618,0.30970907163075884,0.06835322743713577,0.16356463014310024
330,331,0.042399428372135055,0.07829623453417449,0.316028954493757,0.2717084896374843,0.04115307646956986,0.09853292782164962,0.5322906473944534,0.16275769174748392,0.03370666259033649,0.0,0.19832400771565648,0.37499999998867817,0.36681659087711027,0.13431767238040887,0.06026879556049232,0.032444284222886,0.5620635153499022,0.3882199434655044,0.18847649473165268,0.39627098352155116,0.3150365746976817,0.17295817390384113,0.0,0.0,0.23449287663194762,0.046683683925397644,0.09436673935026123,0.06525364828154044,0.05226777726482987,0.0956605634345721,0.12532100668566093,0.2589942283739847,0.08562315876095764,0.09293984948976171,0.18791180213676031,0.03455426732176029,0.07267226208290631
331,332,0.0970783571921714,0.20116454267210024,0.22600857635746763,0.25906388008617054,0.04115307646956986,0.0,0.25819888973996535,0.08137884587374196,0.073847597750746,0.017561435282071994,0.18386030998876585,0.35355339059327373,0.25087954185690153,0.06217700042093628,0.05315208161116105,0.016222142111443,0.1603999854875122,0.14474795286270237,0.26327463448169364,0.2926655171538565,0.1153113894360404,0.11322770343213064,0.0,0.0,0.3634034063851875,0.07776404674803643,0.21135643590308328,0.20233798817802057,0.13804739113934783,0.187379500744712,0.22794859250965388,0.3905077405932568,0.13516590321946198,0.10935280885948581,0.17557252710194976,0.04366760727423014,0.08716081658451064
332,333,0.14318444255694326,0.2796136640818469,0.20027406659311894,0.23171377853262612,0.031877035964832656,0.0,0.40824829041835314,0.14095229571463794,0.015074077768302536,0.010139099388378798,0.19508143490779295,0.17677669528703,0.07202965612365403,0.06217700042093628,0.020089598515505926,0.0,0.2937159694826116,0.28355674830622857,0.34868412690690564,0.16684501521289138,0.21745023771680147,0.3867462340411587,0.0,0.0,0.3205824762503722,0.08669056310971471,0.1562106790563697,0.14059171739768045,0.0,0.0,0.0,0.36813267497345653,0.07328440451964473,0.12014384717949801,0.1593272673581954,0.05537644512599144,0.09335902040633598
333,334,0.13980881340473966,0.22383045882660077,0.1008477379885973,0.23171377853262612,0.04869297674521434,0.0,0.31622776601683794,0.14095229571463794,0.036520247972193026,0.0,0.25981324705803416,0.21650635095003165,0.24735585161895748,0.0,0.02657604080716509,0.02294157338328355,0.06841782379644136,0.17306172148800206,0.2011871033057378,0.2448615393570595,0.3805090910422945,0.3066220703413711,0.0,0.0,0.1048928147684625,0.06021305397368832,0.06500311059345007,0.07946134729550741,0.09061408108876644,0.09559691700699696,0.2268772140723389,0.4144049333532648,0.03981147906073442,0.10549321773042751,0.14361296914896204,0.05134334558298521,0.09664501432514835
334,335,0.3188024450513001,0.33697830146269486,0.08684466131883897,0.2717084896374843,0.015026978862078983,0.0,0.31622776601683794,0.16275769174748392,0.026109068574905622,0.0,0.1015454094486729,0.3061862178534438,0.3071781404635198,0.08027016238014605,0.017398102666742372,0.016222142111443,0.07016920307025044,0.12820363826320574,0.25802618435127483,0.21868466699580982,0.2971978406825816,0.17295817390384113,0.0,0.0,0.10158867425120209,0.022476910589134154,0.11451130552930468,0.1016551859687141,0.052865502242791955,0.07979058328709579,0.12242992897792226,0.3239552383914552,0.02945910181648376,0.06369974807264821,0.1001916457518031,0.05201711262890553,0.11990478879644596
335,336,0.1577150245579173,0.45939735115992186,0.03703068801040547,0.23171377853262612,0.0,0.197065855624096,0.31622776601683794,0.18196863130416527,0.0,0.01411302906388464,0.24113935287849242,0.35355339059327373,0.049099001474036306,0.10153461651023321,0.02246085395880017,0.02294157338328355,0.029442343578188007,0.10436014467151974,0.19335555833972745,0.21622284749147805,0.33222597060189196,0.16012815379526935,0.0,0.0,0.06689240871480247,0.07302664175556015,0.16475137120587866,0.11425160926550232,0.12480928739323865,0.17991474764494425,0.22383335963034318,0.21199067240462247,0.033149083344405805,0.08227865876262704,0.14806569982700132,0.04080896052299906,0.09439004018861916
336,337,0.0703534760321029,0.4491309846517792,0.053449194230035364,0.23171377853262612,0.02375973977768741,0.2413553960098466,0.28867513460124894,0.1993366482819293,0.039882261020514564,0.02634215292752637,0.22927546132212934,0.467707173364898,0.0859613644583559,0.13431767238040887,0.03331483023367104,0.03804429550659845,0.022032632461760647,0.07390617087975233,0.12525125068206674,0.2470381291583428,0.13006944328412365,0.13074409009831697,0.0,0.0,0.05074448151572048,0.11287094515780499,0.24887343628630904,0.16731444582630975,0.1491459533952686,0.24433780139660422,0.2498082470375474,0.18166507685722355,0.06736460872834413,0.149927115299969,0.13498285952469105,0.037511231666869725,0.08055185236040942
337,338,0.042430365575705516,0.43605868307704493,0.039997714486056914,0.1831858263694298,0.03005395772285135,0.2413553960098466,0.223606797749979,0.24413653759292184,0.062152014853705966,0.021508277798157532,0.16220417543858637,0.3952847075854922,0.06752325513567334,0.11351915231163444,0.05770297861024997,0.025649458798892244,0.020398253984870187,0.10063468008791164,0.1981423215574967,0.2763584964566936,0.1153113894360404,0.06537204504489534,0.0,0.0,0.04331480818339986,0.060650608725447606,0.2446699304769171,0.20836514524425737,0.19792996168636215,0.2873102326973292,0.24116630178729634,0.18638052596021598,0.07513658543723317,0.17303595035113087,0.12500818908690292,0.01820021152627961,0.06465757501544515
338,339,0.04066164931717007,0.4352161499217858,0.032069516534303226,0.1831858263694298,0.01840421529384105,0.17066403720561407,0.0,0.1993366482819293,0.09292285608508763,0.06744597198513876,0.13541568709620777,0.5153882032598723,0.06848654566997839,0.17948953964695288,0.0803583940620237,0.04135850959129017,0.022032632461760647,0.14662824519135256,0.21423814427072785,0.29630125304780397,0.08309487102438147,0.09245003270255589,0.0,0.0,0.043742696449612324,0.03949918743654119,0.08851779063872156,0.11016220395800394,0.09835737809414857,0.1442402719736808,0.15843282209050613,0.08755902315618845,0.060926418185671,0.0946713712605033,0.13726679780377346,0.00960604730886354,0.02829351272064324
339,340,0.032278249119965755,0.4000587219229423,0.03380423857352829,0.25906388008617054,0.015026978862078983,0.26069362295264586,0.25819888973996535,0.16275769174748392,0.11676330431214237,0.2772886123620043,0.210543799216627,0.58630196993448,0.08580881535750032,0.24347145728649866,0.13772734848915336,0.057353933457477455,0.01766540614315806,0.2459642207915092,0.2622080490862606,0.2998929145286084,0.19470331085019985,0.06537204504489534,0.0,0.0,0.04885691986518355,0.07822764059494494,0.06529477884889086,0.11470980162406043,0.1343164483182612,0.20808642794393398,0.2193002369723438,0.059746344925470575,0.09126686900901888,0.06022425182148336,0.12682928608938732,0.019936562181751633,0.0980435651541727
340,341,0.049773790203123676,0.417402890662394,0.02618465060985307,0.245769576155358,0.036808430588748955,0.17066403720561407,0.3651483716599344,0.2573425063168199,0.07832720571089814,0.0614650234982348,0.3171173445580573,0.5,0.18605020594921867,0.20306923302046642,0.19862304734386083,0.14779074820752255,0.5013850442369014,0.259912159543269,0.1623078955748036,0.4130283694878554,0.3649107694106044,0.09245003270255589,0.0,0.0,0.29561568479882244,0.1482617275514897,0.08857989608501989,0.08313573689406338,0.14484213079025193,0.22386124758387543,0.335430630400618,0.10743359048185155,0.14036459306627894,0.12048766496804539,0.21335662737242567,0.028011363741846276,0.1712558204996938
341,342,0.050610383079865345,0.5952377584524161,0.053449194230035364,0.0,0.0,0.32679675110274226,0.34156502554286555,0.14095229571463794,0.07832720571089814,0.0,0.08151066505526143,0.5,0.09070757788231999,0.11351915231163444,0.036217038774408176,0.04588314676949281,0.018620973067608595,0.03992255881680307,0.1251823721191665,0.29388242685516336,0.32370802938764276,0.09245003270255589,0.0,0.0,0.05389692283706878,0.044405224911457784,0.12406180183806717,0.12865387234661257,0.12196401469587981,0.12913149141171443,0.23914017451727715,0.3033199229287663,0.03441209036054501,0.09321281377440838,0.09334037881572554,0.08648250908358752,0.08355443911751015
342,343,0.03978078710419766,0.6268910602835633,0.06233193607758516,0.16384638409477778,0.015026978862078983,0.3115884764413859,0.28867513460124894,0.16275769174748392,0.070703691940185,0.031455728619732636,0.10463886983151267,0.3952847075854922,0.06752325513567334,0.06217700042093628,0.04017919703101185,0.036273812497222564,0.018620973067608595,0.07356844098945232,0.1393160642555122,0.2795683427158656,0.206254615042058,0.09245003270255589,0.0,0.0,0.022860700537118625,0.10096922696799802,0.1646344624639822,0.14229523494112686,0.14371555956736182,0.20497822488392695,0.26058283862714904,0.2494989088789102,0.018631022503096423,0.10656587140046384,0.12538084197603042,0.07161732759227127,0.10680043946565247
343,344,0.036368884776666374,0.614960170136918,0.03023543015318367,0.1831858263694298,0.03005395772285135,0.3115884764413859,0.28867513460124894,0.16275769174748392,0.15298518071174294,0.041418562279799696,0.17237144966346918,0.5,0.05925583815684398,0.14359163171912298,0.06586815361207947,0.030348848927524125,0.013167016328398106,0.09336033567231694,0.3563780478973076,0.2944889959844909,0.024368163864528843,0.06537204504489534,0.0,0.0,0.06839968781834836,0.11620775051835754,0.1628927144875144,0.1645905196302897,0.12083688603804495,0.24514146858805358,0.2855532105474004,0.11869430999254398,0.013901404527958853,0.0753734449528187,0.12407708824095265,0.05178417418378362,0.13196919465169868
344,345,0.047810555895652,0.6771831563028978,0.03380423857352829,0.2167483927510178,0.015026978862078983,0.27869320567709743,0.40824829041835314,0.1993366482819293,0.14922575654658238,0.07646454085800897,0.14379183658922912,0.5590169943445679,0.11132925853611643,0.18995387394676033,0.09095952590960023,0.057353933457477455,0.031158847647525467,0.12949214943139717,0.22216737566882058,0.2382124724438229,0.14410626923392708,0.11322770343213064,0.0,0.0,0.0667970968386042,0.11273627722843325,0.12682648389625567,0.11957748104252228,0.15782496712716515,0.25013587608245336,0.299577470914992,0.12405237618505117,0.1135635177037585,0.059672044692534426,0.15739345722669704,0.04101235850864819,0.125117300452467
345,346,0.052393879633878065,0.5936727432500823,0.015117715075605954,0.23171377853262612,0.04381079543571619,0.13934660286570613,0.40824829041835314,0.21530818814732916,0.07976452203715206,0.029991860456376963,0.12564281404006658,0.35355339059327373,0.14932878321888246,0.13903199955809817,0.08404082014022139,0.07947194141167846,1.0,1.0,0.17572894022268767,0.12096448002227315,0.2971978406825816,0.1461763365485643,0.0,0.0,0.12745638506338955,0.09230991674592635,0.14979721322349754,0.13886355718008572,0.12483153304572418,0.23213775212820123,0.2502809215478331,0.23743733009312018,0.2387882868175657,0.14407422048785115,0.24050031039416964,0.037255271270554835,0.09069296865116387
346,347,0.03339713259275102,0.3950202683833207,0.35016361650124317,0.245769576155358,0.07284598274536495,0.13934660286570613,0.4281744192280888,0.24413653759292184,0.039882261020514564,0.01433885186399532,0.08502152379111026,0.2795084971844357,0.5691222299641667,0.07179581586346322,0.028410982683258874,0.0819178021816408,0.18130364717827543,0.19944638070460216,0.30246470775793,0.19541496691282148,0.5868840965163221,0.2695358466951467,0.0,0.0,0.2029979316756014,0.11701829458389792,0.1372584603864626,0.11033129417181382,0.1448665006263473,0.20718235518759048,0.2690026825295758,0.27379214805983254,0.061703784785662574,0.0862293435139054,0.178955320154457,0.0378457363191332,0.18097509661061198
347,348,0.04903006314514951,0.47056443003376713,0.21137787948474207,0.32769276818955556,0.05916127494330077,0.3115884764413859,0.40824829041835314,0.14095229571463794,0.04766841937434393,0.010139099388378798,0.16415851313735919,0.37499999998867817,0.23227738052036742,0.08793155726296574,0.052194307999581656,0.04729526514335813,0.35414134009889436,0.40330100744940434,0.27225982349897015,0.3189248533694995,0.48554742790225225,0.39764262609441575,0.0,0.0,0.20771320610418237,0.12574156969404524,0.22743581157304466,0.1634126637958536,0.16799555895806098,0.2997834046318174,0.38083923343542264,0.527190360511231,0.12926615268240818,0.16396671062651963,0.310145578777706,0.09271675227652014,0.18528135797714268
348,349,0.037189472928284145,0.5579856153460563,0.19912963398693098,0.25906388008617054,0.03975764902766078,0.13934660286570613,0.38729833459195867,0.11508706752491564,0.06395389567268947,0.01433885186399532,0.04188093801473493,0.3307189138959115,0.03761626109511406,0.06217700042093628,0.03331483023367104,0.01986798535313076,0.1576746769454346,0.29319987163518946,0.24509481169310526,0.2329097818026576,0.25923592791590505,0.3639761427079109,0.0,0.0,0.1298206247838307,0.08737452292622198,0.16789984224131305,0.14330326650970218,0.12505600111113602,0.16998090524954512,0.26734606314014314,0.38925343523365846,0.16318384022320356,0.1616928494004215,0.23701806555133076,0.10475952386255491,0.16053464334705594
349,350,0.043979314897351254,0.6689991515132898,0.21352936372175607,0.2717084896374843,0.060107915448969235,0.09853292782164962,0.28867513460124894,0.0,0.036923798875373,0.017377540842905638,0.10206749726054579,0.35355339059327373,0.03471823689177936,0.07179581586346322,0.037584197343673686,0.0,0.11249903683443996,0.2774306672674164,0.31170228490339164,0.14633275857692826,0.19470331085019985,0.5105719936558161,0.0,0.0,0.10623965354125843,0.0725305288310431,0.11180621973016502,0.14382746469577837,0.11761911899193593,0.17030455420078536,0.2114668872055681,0.28037940239384507,0.06090143170540301,0.1387652406902371,0.17638989528840798,0.06520181208667114,0.10696563746195252
350,351,0.034820556162518064,0.7171917169178887,0.16317330820484177,0.32769276818955556,0.04869297674521434,0.09853292782164962,0.38729833459195867,0.11508706752491564,0.015074077768302536,0.01433885186399532,0.0652085320518636,0.45069390938589715,0.07609828742351543,0.09497693697338017,0.036217038774408176,0.0,0.05947061885847334,0.22951854858941712,0.23088949748845308,0.18509792538460093,0.4248024847356542,0.3867462340411587,0.0,0.0,0.0,0.06341643321411432,0.09800957049215893,0.09178068169117162,0.05968712508541735,0.1121193770797178,0.19730484645102916,0.34344110416092066,0.04376225309923415,0.11981427553944005,0.1637577940003043,0.07991200575944714,0.14615709952004724
351,352,0.04990543229877588,0.9855374510172005,0.10253333223595291,0.2717084896374843,0.02602749087036685,0.13934660286570613,0.28867513460124894,0.0,0.06502625129751732,0.0,0.09279336786414752,0.2795084971844357,0.14332989332791624,0.08793155726296574,0.036217038774408176,0.01986798535313076,0.04121928099980816,0.06645437397945236,0.1294727543789105,0.15805744403397554,0.38814106625409317,0.22645540683964802,0.0,0.0,0.08718281713556282,0.03601146799969741,0.11214752540528684,0.09949704320834402,0.07293753947679901,0.11915248097843802,0.14443003406511712,0.2416107533230365,0.031243137051359275,0.09098419444673249,0.11511625531739064,0.07035503395374541,0.14231964941179293
352,353,0.039978211578018806,0.7477564579577175,0.04275935538681677,0.2717084896374843,0.01840421529384105,0.17066403720561407,0.28867513460124894,0.08137884587374196,0.07864190046292854,0.010139099388378798,0.10463886983151267,0.41457809876370216,0.09939154038261766,0.09497693697338017,0.050223996291280236,0.036273812497222564,0.020398253984870187,0.0427345460944913,0.11873184861372792,0.21205631349297666,0.41042197451787377,0.17295817390384113,0.0,0.0,0.08421006478540219,0.0603306798779005,0.09648760503959557,0.10608069572675635,0.07554326818115309,0.10399399639413019,0.16952153905434886,0.2099056738077534,0.050836663453356495,0.07686210878280654,0.07962304476929997,0.06872122428596136,0.13332440066184376
353,354,0.04343893419270747,0.66234431584339,0.03703068801040547,0.2006700186484476,0.01840421529384105,0.22032632461411292,0.18257418584523172,0.11508706752491564,0.0965211927191706,0.018101913152965294,0.13871189837381764,0.37499999998867817,0.06269376848573247,0.09497693697338017,0.0643180975841918,0.030348848927524125,0.018620973067608595,0.030762397577341435,0.10499775640606102,0.22192461635825914,0.3062029946383569,0.09245003270255589,0.0,0.0,0.07334080168417169,0.07190254706308592,0.14732548038523777,0.1269299128382987,0.15782337489932044,0.23266161017041864,0.23994333440512988,0.1874748673606506,0.08484069656853137,0.09235398846886797,0.12713279693589624,0.06045566500858253,0.08651973154970526
354,355,0.0316211167484162,0.5640473422811915,0.035454184524934255,0.23171377853262612,0.01840421529384105,0.17066403720561407,0.25819888973996535,0.0,0.13979124640020163,0.011615797606932474,0.18472553976655062,0.467707173364898,0.03864703443977393,0.10769372378609082,0.08404082014022139,0.01986798535313076,0.014423743715630164,0.03457395011525453,0.09949242647808107,0.20521397755055826,0.2491921817381404,0.11322770343213064,0.0,0.0,0.07646116211048361,0.040844063361850494,0.1268751962962989,0.0956764338360724,0.10207567543603989,0.17275059273688864,0.15983648889650612,0.10920528858388295,0.05433855846262135,0.061497068753436294,0.12439482405199344,0.031179509449740968,0.04987087231715805
355,356,0.01854173473473611,0.3874306019193233,0.03703068801040547,0.1831858263694298,0.015026978862078983,0.17066403720561407,0.18257418584523172,0.08137884587374196,0.16277819194110502,0.022671715465095013,0.17917520061124337,0.467707173364898,0.0454979984910124,0.14801086614974418,0.11319913869260459,0.034412360079557704,0.010199126993451253,0.056605861882024086,0.14709979386055622,0.2411902439387162,0.4725548620390518,0.0,0.0,0.0,0.0768511892327114,0.04769559030127523,0.084047464522409,0.0632280443976146,0.07562945562779558,0.12967942175627248,0.1226121100161791,0.08065345075874925,0.06248922018779383,0.04201516432779302,0.0811566348834875,0.017730367447749737,0.03313511551958424
356,357,0.014029601888508153,0.4245981203279579,0.0185153440060077,0.1831858263694298,0.015026978862078983,0.27869320567709743,0.28867513460124894,0.11508706752491564,0.18214077468818407,0.06969478563357889,0.0811839676926697,0.45069390938589715,0.09576631321912453,0.16450488038516148,0.20462811816531462,0.0617720768018403,0.010199126993451253,0.153704011729825,0.43682905625904117,0.27506407013722856,0.22832114183507882,0.16012815379526935,0.0,0.0,0.19935129741809854,0.13690581826759232,0.1449591828297309,0.15533313741934013,0.1680141158181004,0.23391661150226903,0.34453959024538877,0.2949009444312215,0.2316354392236757,0.15535062876932687,0.21454902973032483,0.05887960861732512,0.10217482765600353
357,358,0.033942746127588595,0.5262956432885707,0.023903206328189718,0.1831858263694298,0.06720269247580882,0.26069362295264586,0.3651483716599344,0.1993366482819293,0.06907810241049343,0.0,0.11619201637534232,0.37499999998867817,0.32131193471425323,0.12435400085088318,0.08222022543966785,0.18136906249536475,0.08410415575730323,0.26765363934357855,0.1352424139690642,0.19172756068663388,0.4725548620390518,0.09245003270255589,0.0,0.0,0.28964326742972885,0.09830849498240478,0.11604056812297302,0.10651922107218259,0.0976200694842085,0.21503925363048884,0.21001402625010962,0.3251599849784694,0.1472777179591772,0.19448249845080465,0.18670309385690229,0.062310973852989886,0.2195032135785471
358,359,0.03792320161720605,0.5513630151848448,0.032069516534303226,0.0819231920553037,0.09503895910661776,0.26069362295264586,0.38729833459195867,0.2573425063168199,0.039882261020514564,0.0,0.11935121023156241,0.0,0.10882983324879965,0.08027016238014605,0.030134397771861433,0.0638666373581067,0.23302271115122955,0.245997967683874,0.22943939642480526,0.11334886739460674,0.4030934060060456,0.09245003270255589,0.0,0.0,0.11305053981425446,0.03928801931363723,0.14267887278168273,0.08545903462941633,0.09609181899902954,0.11536732445792033,0.1894589350737473,0.3655421168994989,0.17398971586071785,0.09536817444929399,0.17585469087507566,0.06733532098103884,0.1542035891839725
359,360,0.07967694060912851,0.4078395341588972,0.19360121564151866,0.2717084896374843,0.05819923887664278,0.2955987834393446,0.38729833459195867,0.16275769174748392,0.16785782600176632,0.020119151625644024,0.15240532750929653,0.5303300858738992,0.3573728114510153,0.09497693697338017,0.04603105294203374,0.06977407148180378,0.21755481398290674,0.3419006488827612,0.14116347378993493,0.25345577268990677,0.5643211876856938,0.3268602252244768,0.0,0.0,0.28090868591455226,0.07988816742187912,0.10387638180789516,0.11509993929157188,0.08424848097005068,0.16060401860172355,0.22912603087621483,0.4806713293247025,0.12998807972657708,0.17232246372257054,0.2860888392980724,0.08286337793138483,0.1607814490011621
360,361,0.051305648597924754,0.4982050284612548,0.254768262867467,0.2717084896374843,0.03360134623206104,0.17066403720561407,0.3651483716599344,0.11508706752491564,0.070703691940185,0.0,0.09942964807604682,0.35355339059327373,0.07661305057807528,0.08793155726296574,0.050223996291280236,0.032444284222886,0.32150176384482854,0.16067486715686757,0.21724395918575215,0.13753203508130618,0.3150365746976817,0.48038446139741087,0.0,0.0,0.19824672571117505,0.07066659247005987,0.10545574245969988,0.080996023591236,0.08670307104339545,0.14349879808052357,0.16495857122886134,0.36244071748348766,0.10802857464747703,0.13392372385193455,0.21960123071637164,0.055736343708004274,0.09357282493700417
361,362,0.03244045240172281,0.4566629745885179,0.13772893906127365,0.25906388008617054,0.028112903231493687,0.13934660286570613,0.28867513460124894,0.08137884587374196,0.015074077768302536,0.0,0.037882733798752566,0.21650635095003165,0.05925583815684398,0.06217700042093628,0.028410982683258874,0.01986798535313076,0.12793028615224727,0.15916956143061028,0.17632330987692002,0.1438732093153448,0.22832114183507882,0.3755338080689595,0.0,0.0,0.17419530997996507,0.07776404674803643,0.1267868604693304,0.11178378776479969,0.09186818336709376,0.13372330877261662,0.18406389302368883,0.2820577850363006,0.15712814159176672,0.08878927224857631,0.15879457680269699,0.06139642587997944,0.1220121552469382
362,363,0.048166029602939024,0.6317544721552821,0.08879647046778984,0.2953782695875202,0.02602749087036685,0.0,0.223606797749979,0.0,0.03370666259033649,0.0,0.10564989688306518,0.17677669528703,0.13687740632240825,0.07179581586346322,0.04141576832682454,0.03973597070795067,0.05799469103720109,0.09120142324598653,0.14605008636769196,0.14875164572793853,0.4030934060060456,0.3698001308644845,0.0,0.0,0.08475199965650658,0.10883853032858429,0.09086554577047497,0.1070958339043313,0.1329426711790603,0.16366883509854113,0.23430856179711976,0.3149607873847044,0.1594939116004536,0.14371551277623668,0.16181983868927335,0.07545562253429483,0.10686486905560075
363,364,0.048707846753091776,0.7077569106713612,0.09501336595182844,0.245769576155358,0.028112903231493687,0.0,0.18257418584523172,0.08137884587374196,0.060296311073210145,0.0,0.09699426654935901,0.41457809876370216,0.10122018459227833,0.10769372378609082,0.05857074125814546,0.028097574338649865,0.05947061885847334,0.05023478487649838,0.09362373952401068,0.19449966928472157,0.3805090910422945,0.09245003270255589,0.0,0.0,0.0904180362744406,0.07776404674803643,0.12744379160491193,0.082291423482242,0.08757847991591124,0.16617496955910518,0.19190858989233245,0.30679637688858225,0.07537153604122522,0.11483444406079561,0.10662389067419478,0.06837832462800383,0.11842822908149901
364,365,0.04559080981877462,0.6852344488028517,0.053449194230035364,0.23171377853262612,0.015026978862078983,0.0,0.223606797749979,0.0,0.09044446660981521,0.0,0.05832428414524472,0.4841229182145383,0.08656887285131062,0.14359163171912298,0.024604632753605013,0.025649458798892244,0.0288474874398827,0.037344134272019276,0.06381134236993169,0.1963259972900641,0.21745023771680147,0.13074409009831697,0.0,0.0,0.06582538403540933,0.02636472952903197,0.10087108620280492,0.09494624290171201,0.056786658719442475,0.06967467077731529,0.11180339888921183,0.22202091393841372,0.0559067025946015,0.10435768576254299,0.04585105079064438,0.05453548552381768,0.031724457816926385
